id,episode_id,number,raw_text,timestamp_in_ms,speaking_line,character_id,location_id,raw_character_text,raw_location_text,spoken_words,normalized_text,word_count
20973,71,0,(Springfield Nuclear Power Plant: INT. NUCLEAR POWER PLANT - AFTERNOON),88000,false,,10,,Springfield Nuclear Power Plant,,,1
20974,71,1,Homer Simpson: Yabba dabba doo!,88000,true,2,10,Homer Simpson,Springfield Nuclear Power Plant,Yabba dabba doo!,yabba dabba doo,3
20975,71,2,"Homer Simpson: (SINGING) SIMPSON, HOMER SIMPSON / HE'S THE GREATEST GUY IN HISTORY / FROM THE TOWN OF SPRINGFIELD / HE'S ABOUT TO HIT A CHESTNUT TREE (SHRIEKS)",96000,true,2,10,Homer Simpson,Springfield Nuclear Power Plant,"SIMPSON, HOMER SIMPSON / HE'S THE GREATEST GUY IN HISTORY / FROM THE TOWN OF SPRINGFIELD / HE'S ABOUT TO HIT A CHESTNUT TREE",simpson homer simpson hes the greatest guy in history from the town of springfield hes about to hit a chestnut tree,21
20976,71,3,(Other Part of Nuclear Plant: int. other part of nuclear plant - continuous),112000,false,,229,,Other Part of Nuclear Plant,,,
20977,71,4,Lenny Leonard: What do they do with these things after we seal 'em?,112000,true,165,229,Lenny Leonard,Other Part of Nuclear Plant,What do they do with these things after we seal 'em?,what do they do with these things after we seal em,11
20978,71,5,Carl Carlson: I hear they dump them in an abandoned chalk mine and cover 'em with cement.,115000,true,170,229,Carl Carlson,Other Part of Nuclear Plant,I hear they dump them in an abandoned chalk mine and cover 'em with cement.,i hear they dump them in an abandoned chalk mine and cover em with cement,15
20979,71,6,Lenny Leonard: I hear they're sending 'em to one of those southern states where the governor's a crook.,119000,true,165,229,Lenny Leonard,Other Part of Nuclear Plant,I hear they're sending 'em to one of those southern states where the governor's a crook.,i hear theyre sending em to one of those southern states where the governors a crook,16
20980,71,7,Carl Carlson: Either way I'm sleepin' good tonight!,123000,true,170,229,Carl Carlson,Other Part of Nuclear Plant,Either way I'm sleepin' good tonight!,either way im sleepin good tonight,6
20981,71,8,"Waylon Smithers: Well, sir, where shall we dump this batch -- the playground?",134000,true,14,229,Waylon Smithers,Other Part of Nuclear Plant,"Well, sir, where shall we dump this batch -- the playground?",well sir where shall we dump this batch -- the playground,11
20982,71,9,"C. Montgomery Burns: No, all those bald children are arousing suspicion -- to the park!",138000,true,15,229,C. Montgomery Burns,Other Part of Nuclear Plant,"No, all those bald children are arousing suspicion -- to the park!",no all those bald children are arousing suspicion -- to the park,12
20983,71,10,(Springfield Park: int. springfield park - night),148000,false,,739,,Springfield Park,,,
20984,71,11,"Waylon Smithers: I think it's full, sir.",148000,true,14,739,Waylon Smithers,Springfield Park,"I think it's full, sir.",i think its full sir,5
20985,71,12,"C. Montgomery Burns: That's ridiculous, the last tree held nine drums.",148000,true,15,739,C. Montgomery Burns,Springfield Park,"That's ridiculous, the last tree held nine drums.",thats ridiculous the last tree held nine drums,8
20986,71,13,"Agent: (ROBERT STACK VOICE) Agent Malone, Environmental Protection Agency. Some Boy Scouts stumbled on your little game of ""hide the ooze.""",164000,true,547,739,Agent,Springfield Park,"Agent Malone, Environmental Protection Agency. Some Boy Scouts stumbled on your little game of ""hide the ooze.""",agent malone environmental protection agency some boy scouts stumbled on your little game of hide the ooze,17
20987,71,14,(Springfield County Court House: int. springfield county courthouse - day),168000,false,,740,,Springfield County Court House,,,
20988,71,15,"Judge Snyder: Mr. Burns, in light of your unbelievable contempt for human life, this court fines you three million dollars.",168000,true,214,740,Judge Snyder,Springfield County Court House,"Mr. Burns, in light of your unbelievable contempt for human life, this court fines you three million dollars.",mr burns in light of your unbelievable contempt for human life this court fines you three million dollars,18
20989,71,16,"C. Montgomery Burns: Smithers, my wallet's in my right front pocket.",183000,true,15,740,C. Montgomery Burns,Springfield County Court House,"Smithers, my wallet's in my right front pocket.",smithers my wallets in my right front pocket,8
20990,71,17,"C. Montgomery Burns: Oh, and uh, I'll take that statue of Justice too.",189000,true,15,740,C. Montgomery Burns,Springfield County Court House,"Oh, and uh, I'll take that statue of Justice too.",oh and uh ill take that statue of justice too,10
20991,71,18,Judge Snyder: Sold!,193000,true,214,740,Judge Snyder,Springfield County Court House,Sold!,sold,1
20992,71,19,(Simpson Home: INT. SIMPSON HOUSE - kitchen - MORNING),197000,false,,5,,Simpson Home,,,
20993,71,20,"Homer Simpson: (CHUCKLES) Oh, Andy Capp, you wife-beating drunk. (CHUCKLES)",197000,true,2,5,Homer Simpson,Simpson Home,"Oh, Andy Capp, you wife-beating drunk.",oh andy capp you wife-beating drunk,6
20994,71,21,"Marge Simpson: Ohh, there's going to be a town meeting to decide how to spend Mr. Burns' money.",201000,true,1,5,Marge Simpson,Simpson Home,"Ohh, there's going to be a town meeting to decide how to spend Mr. Burns' money.",ohh theres going to be a town meeting to decide how to spend mr burns money,16
20995,71,22,"Lisa Simpson: Oh, what a boon it could be for our under-funded public schools.",206000,true,9,5,Lisa Simpson,Simpson Home,"Oh, what a boon it could be for our under-funded public schools.",oh what a boon it could be for our under-funded public schools,12
21384,72,94,(DATING SERVICE: int. dating service - day - establishing),530000,false,,764,,DATING SERVICE,,,
20996,71,23,"Miss Hoover: Children, it's time for your history lesson. Put on your virtual reality helmets.",211000,true,464,5,Miss Hoover,Simpson Home,"Children, it's time for your history lesson. Put on your virtual reality helmets.",children its time for your history lesson put on your virtual reality helmets,13
20997,71,24,"Warrior: (TROY McCLURE VOICE) Hm excellent. Hello, Lisa. I'm Genghis Khan. You'll go where I go. Defile what I defile. Eat who I eat. Hmm? (WINKS)",220000,true,977,5,Warrior,Simpson Home,"Hm excellent. Hello, Lisa. I'm Genghis Khan. You'll go where I go. Defile what I defile. Eat who I eat. Hmm?",hm excellent hello lisa im genghis khan youll go where i go defile what i defile eat who i eat hmm,21
20998,71,25,"Bart Simpson: C'mon, Lis. We both know how this money should, nay, must be spent.",233000,true,8,5,Bart Simpson,Simpson Home,"C'mon, Lis. We both know how this money should, nay, must be spent.",cmon lis we both know how this money should nay must be spent,13
20999,71,26,"Seymour Skinner: Bart, we'll do anything you want. Just call off your giant mechanical ants!",248000,true,3,5,Seymour Skinner,Simpson Home,"Bart, we'll do anything you want. Just call off your giant mechanical ants!",bart well do anything you want just call off your giant mechanical ants,13
21000,71,27,Bart Simpson: (SINISTER LAUGH),248000,false,8,5,Bart Simpson,Simpson Home,,,
21001,71,28,"Marge Simpson: Well, I think we should spend the money on something the whole town can be proud of.",259000,true,1,5,Marge Simpson,Simpson Home,"Well, I think we should spend the money on something the whole town can be proud of.",well i think we should spend the money on something the whole town can be proud of,17
21002,71,29,"Homer Simpson: Like a giant billboard that says, ""No fat chicks""?",263000,true,2,5,Homer Simpson,Simpson Home,"Like a giant billboard that says, ""No fat chicks""?",like a giant billboard that says no fat chicks,9
21003,71,30,Marge Simpson: No.,266000,true,1,5,Marge Simpson,Simpson Home,No.,no,1
21004,71,31,(Springfield Town Hall: INT. SPRINGFIELD TOWN HALL),271000,false,,48,,Springfield Town Hall,,,
21005,71,32,"Marge Simpson: Oooh, it looks like everyone in Springfield showed up for this.",271000,true,1,48,Marge Simpson,Springfield Town Hall,"Oooh, it looks like everyone in Springfield showed up for this.",oooh it looks like everyone in springfield showed up for this,11
21006,71,33,(Springfield Street: ext. springfield street - night),277000,false,,270,,Springfield Street,,,
21007,71,34,Snake Jailbird: Could this town be any stupider?,277000,true,518,270,Snake Jailbird,Springfield Street,Could this town be any stupider?,could this town be any stupider,6
21008,71,35,(Springfield Town Hall: int. springfield town hall - continuous),280000,false,,48,,Springfield Town Hall,,,
21009,71,36,Mayor Joe Quimby: Ordah! Please rise for the a Pledge of Allegiance.,280000,true,240,48,Mayor Joe Quimby,Springfield Town Hall,Ordah! Please rise for the a Pledge of Allegiance.,ordah please rise for the a pledge of allegiance,9
21010,71,37,Homer Simpson: Get to the money!,284000,true,2,48,Homer Simpson,Springfield Town Hall,Get to the money!,get to the money,4
21011,71,38,"Mayor Joe Quimby: In a moment. First, let's review the minutes from our last meeting...",285000,true,240,48,Mayor Joe Quimby,Springfield Town Hall,"In a moment. First, let's review the minutes from our last meeting...",in a moment first lets review the minutes from our last meeting,12
21012,71,39,Apu Nahasapeemapetilon: Get to the money!,289000,true,208,48,Apu Nahasapeemapetilon,Springfield Town Hall,Get to the money!,get to the money,4
21013,71,40,Mayor Joe Quimby: Very well. (POUNDS GAVEL) We will now hear suggestions for the-a disbursement of the-a two million dollars.,292000,true,240,48,Mayor Joe Quimby,Springfield Town Hall,Very well. We will now hear suggestions for the-a disbursement of the-a two million dollars.,very well we will now hear suggestions for the-a disbursement of the-a two million dollars,15
21014,71,41,Lisa Simpson: Don't you mean three million dollars?,298000,true,9,48,Lisa Simpson,Springfield Town Hall,Don't you mean three million dollars?,dont you mean three million dollars,6
21015,71,42,Mayor Joe Quimby: (COVERING) Of course. How silly of me.,300000,true,240,48,Mayor Joe Quimby,Springfield Town Hall,Of course. How silly of me.,of course how silly of me,6
21016,71,43,"Maude Flanders: Excuse me, we could use the money to hire firemen to finally put out that blaze on the east side of town.",303000,true,308,48,Maude Flanders,Springfield Town Hall,"Excuse me, we could use the money to hire firemen to finally put out that blaze on the east side of town.",excuse me we could use the money to hire firemen to finally put out that blaze on the east side of town,22
21017,71,44,Homer Simpson: Bo-ring!,309000,true,2,48,Homer Simpson,Springfield Town Hall,Bo-ring!,bo-ring,1
21018,71,45,"C. Montgomery Burns: Hello. My name is Mr. Snrub, and I come from... eh, someplace far away. (TO SELF) Yes, that will do. Anyway, I-I say we invest that money back in the nuclear plant.",310000,true,15,48,C. Montgomery Burns,Springfield Town Hall,"Hello. My name is Mr. Snrub, and I come from... eh, someplace far away. Yes, that will do. Anyway, I-I say we invest that money back in the nuclear plant.",hello my name is mr snrub and i come from eh someplace far away yes that will do anyway i-i say we invest that money back in the nuclear plant,30
21019,71,46,Waylon Smithers: (TO THE PEOPLE AROUND HIM) I like the way Snrub thinks.,323000,true,14,48,Waylon Smithers,Springfield Town Hall,I like the way Snrub thinks.,i like the way snrub thinks,6
21020,71,47,"Apu Nahasapeemapetilon: Pardon me, but I would like to see this money spent on more police officers. I have been shot eight times this year, and as a result I almost missed work.",335000,true,208,48,Apu Nahasapeemapetilon,Springfield Town Hall,"Pardon me, but I would like to see this money spent on more police officers. I have been shot eight times this year, and as a result I almost missed work.",pardon me but i would like to see this money spent on more police officers i have been shot eight times this year and as a result i almost missed work,31
21021,71,48,Chief Wiggum: (UNDER HIS BREATH) Crybaby.,345000,true,71,48,Chief Wiggum,Springfield Town Hall,Crybaby.,crybaby,1
21022,71,49,Marge Simpson: My name is Marge Simpson and I have an idea. It may sound a little boring at first...,346000,true,1,48,Marge Simpson,Springfield Town Hall,My name is Marge Simpson and I have an idea. It may sound a little boring at first...,my name is marge simpson and i have an idea it may sound a little boring at first,18
21023,71,50,Mayor Joe Quimby: Chat away. I'll just amuse myself with some pornographic playing cards.,352000,true,240,48,Mayor Joe Quimby,Springfield Town Hall,Chat away. I'll just amuse myself with some pornographic playing cards.,chat away ill just amuse myself with some pornographic playing cards,11
21024,71,51,Marge Simpson: (NOT GIVING UP) Well surely you've all noticed the terrible condition Main Street is in.,358000,true,1,48,Marge Simpson,Springfield Town Hall,Well surely you've all noticed the terrible condition Main Street is in.,well surely youve all noticed the terrible condition main street is in,12
21025,71,52,Marge Simpson: Many of us have destroyed it by leaving winter chains on our tires and carrying too much weight.,365000,true,1,48,Marge Simpson,Springfield Town Hall,Many of us have destroyed it by leaving winter chains on our tires and carrying too much weight.,many of us have destroyed it by leaving winter chains on our tires and carrying too much weight,18
21026,71,53,"Homer Simpson: Woo-hoo, look at that pavement fly!",373000,true,2,48,Homer Simpson,Springfield Town Hall,"Woo-hoo, look at that pavement fly!",woo-hoo look at that pavement fly,6
21027,71,54,Marge Simpson: And those potholes are becoming a real nuisance.,376000,true,1,48,Marge Simpson,Springfield Town Hall,And those potholes are becoming a real nuisance.,and those potholes are becoming a real nuisance,8
21028,71,55,"Grampa Simpson: Now hold on just one minute. Sure, we could fix up Main Street. We could put all our eggs in one basket...",385000,true,31,48,Grampa Simpson,Springfield Town Hall,"Now hold on just one minute. Sure, we could fix up Main Street. We could put all our eggs in one basket...",now hold on just one minute sure we could fix up main street we could put all our eggs in one basket,22
21029,71,56,"Grampa Simpson: Shut up! I wasn't done yet. I'm just saying we could blow all our money on a stupid little street, but..",395000,true,31,48,Grampa Simpson,Springfield Town Hall,"Shut up! I wasn't done yet. I'm just saying we could blow all our money on a stupid little street, but..",shut up i wasnt done yet im just saying we could blow all our money on a stupid little street but,21
21030,71,57,"Grampa Simpson: (SAD) I ain't fer it, I'm agin' it.",407000,true,31,48,Grampa Simpson,Springfield Town Hall,"I ain't fer it, I'm agin' it.",i aint fer it im agin it,7
21031,71,58,Crowd: Main Street! Main Street! Main Street!,410000,true,75,48,Crowd,Springfield Town Hall,Main Street! Main Street! Main Street!,main street main street main street,6
21032,71,59,"Mayor Joe Quimby: All those in favor of Grampa Simpsons' plan for re-building Main Street, please...",413000,true,240,48,Mayor Joe Quimby,Springfield Town Hall,"All those in favor of Grampa Simpsons' plan for re-building Main Street, please...",all those in favor of grampa simpsons plan for re-building main street please,13
21033,71,60,"LANLEY: (FOLKSY) You know, a town with money's a little like the mule with a spinning wheel. No one knows how he got it and danged if he knows how to use it!",419000,true,978,48,LANLEY,Springfield Town Hall,"You know, a town with money's a little like the mule with a spinning wheel. No one knows how he got it and danged if he knows how to use it!",you know a town with moneys a little like the mule with a spinning wheel no one knows how he got it and danged if he knows how to use it,31
21034,71,61,Homer Simpson: Heh-heh... mule.,429000,true,2,48,Homer Simpson,Springfield Town Hall,Heh-heh... mule.,heh-heh mule,2
21035,71,62,"LANLEY: The name's Lanley. Lyle Lanley. And I come before you good people tonight with an idea. Probably the greatest... (FROWNS) Ah, it's not for you. It's more of a ""Shelbyville"" idea.",431000,true,978,48,LANLEY,Springfield Town Hall,"The name's Lanley. Lyle Lanley. And I come before you good people tonight with an idea. Probably the greatest... Ah, it's not for you. It's more of a ""Shelbyville"" idea.",the names lanley lyle lanley and i come before you good people tonight with an idea probably the greatest ah its not for you its more of a shelbyville idea,30
21036,71,63,Mayor Joe Quimby: Now wait just a minute. We're twice as smart as the people of Shelbyville. Just tell us your idea and we'll vote for it.,444000,true,240,48,Mayor Joe Quimby,Springfield Town Hall,Now wait just a minute. We're twice as smart as the people of Shelbyville. Just tell us your idea and we'll vote for it.,now wait just a minute were twice as smart as the people of shelbyville just tell us your idea and well vote for it,24
21037,71,64,LANLEY: All right. I tell you what I'll do. I'll show you my idea.,450000,true,978,48,LANLEY,Springfield Town Hall,All right. I tell you what I'll do. I'll show you my idea.,all right i tell you what ill do ill show you my idea,13
21038,71,65,LANLEY: I give you the Springfield Monorail!,455000,true,978,48,LANLEY,Springfield Town Hall,I give you the Springfield Monorail!,i give you the springfield monorail,6
21039,71,66,"LANLEY: I've sold monorails to Brockway, Ogdenville, and North Haverbrook and, by gum, it put them on the map!",461000,true,978,48,LANLEY,Springfield Town Hall,"I've sold monorails to Brockway, Ogdenville, and North Haverbrook and, by gum, it put them on the map!",ive sold monorails to brockway ogdenville and north haverbrook and by gum it put them on the map,18
21040,71,67,"LANLEY: (FAST PATTER) Well, sir, there's nothing on earth like a genuine, bona-fide, electrified, six-car monorail. What'd I say?",467000,true,978,48,LANLEY,Springfield Town Hall,"Well, sir, there's nothing on earth like a genuine, bona-fide, electrified, six-car monorail. What'd I say?",well sir theres nothing on earth like a genuine bona-fide electrified six-car monorail whatd i say,16
21041,71,68,Ned Flanders: Monorail.,473000,true,11,48,Ned Flanders,Springfield Town Hall,Monorail.,monorail,1
21042,71,69,LANLEY: What's it called?,474000,true,978,48,LANLEY,Springfield Town Hall,What's it called?,whats it called,3
21043,71,70,Selma Bouvier: Monorail!,474000,true,22,48,Selma Bouvier,Springfield Town Hall,Monorail!,monorail,1
21044,71,71,"LANLEY: That's right, monorail!",476000,true,978,48,LANLEY,Springfield Town Hall,"That's right, monorail!",thats right monorail,3
21045,71,72,Miss Hoover: I hear those things are awfully loud.,480000,true,464,48,Miss Hoover,Springfield Town Hall,I hear those things are awfully loud.,i hear those things are awfully loud,7
21046,71,73,LANLEY: It glides as softly as a cloud.,483000,true,978,48,LANLEY,Springfield Town Hall,It glides as softly as a cloud.,it glides as softly as a cloud,7
21047,71,74,Apu Nahasapeemapetilon: Is there a chance the track could bend?,485000,true,208,48,Apu Nahasapeemapetilon,Springfield Town Hall,Is there a chance the track could bend?,is there a chance the track could bend,8
21048,71,75,"LANLEY: Not on your life, my Hindu friend.",487000,true,978,48,LANLEY,Springfield Town Hall,"Not on your life, my Hindu friend.",not on your life my hindu friend,7
21049,71,76,Barney Gumble: What about us brain-dead slobs?,489000,true,18,48,Barney Gumble,Springfield Town Hall,What about us brain-dead slobs?,what about us brain-dead slobs,5
21050,71,77,LANLEY: You'll be given cushy jobs.,491000,true,978,48,LANLEY,Springfield Town Hall,You'll be given cushy jobs.,youll be given cushy jobs,5
21051,71,78,Grampa Simpson: Were you sent here by the devil?,493000,true,31,48,Grampa Simpson,Springfield Town Hall,Were you sent here by the devil?,were you sent here by the devil,7
21052,71,79,"LANLEY: No, good sir, I'm on the level.",495000,true,978,48,LANLEY,Springfield Town Hall,"No, good sir, I'm on the level.",no good sir im on the level,7
21053,71,80,Chief Wiggum: The ring came off my pudding can!,497000,true,71,48,Chief Wiggum,Springfield Town Hall,The ring came off my pudding can!,the ring came off my pudding can,7
21054,71,81,"LANLEY: Take my pen knife, my good man.",499000,true,978,48,LANLEY,Springfield Town Hall,"Take my pen knife, my good man.",take my pen knife my good man,7
21055,71,82,"LANLEY: I swear it's Springfield's only choice, throw up your hands and raise your voice.",501000,true,978,48,LANLEY,Springfield Town Hall,"I swear it's Springfield's only choice, throw up your hands and raise your voice.",i swear its springfields only choice throw up your hands and raise your voice,14
21056,71,83,Crowd: Monorail!,505000,true,75,48,Crowd,Springfield Town Hall,Monorail!,monorail,1
21057,71,84,LANLEY: What's it called?,506000,true,978,48,LANLEY,Springfield Town Hall,What's it called?,whats it called,3
21058,71,85,Crowd: Monorail!,507000,true,75,48,Crowd,Springfield Town Hall,Monorail!,monorail,1
21059,71,86,LANLEY: Once again!,508000,true,978,48,LANLEY,Springfield Town Hall,Once again!,once again,2
21060,71,87,Crowd: Monorail!,509000,true,75,48,Crowd,Springfield Town Hall,Monorail!,monorail,1
21061,71,88,Marge Simpson: But Main Street's still all cracked and broken.,513000,true,1,48,Marge Simpson,Springfield Town Hall,But Main Street's still all cracked and broken.,but main streets still all cracked and broken,8
21062,71,89,"Bart Simpson: Sorry, Mom, the mob has spoken.",515000,true,8,48,Bart Simpson,Springfield Town Hall,"Sorry, Mom, the mob has spoken.",sorry mom the mob has spoken,6
21063,71,90,Crowd: MONORAIL / MONORAIL / MONORAIL!,519000,true,75,48,Crowd,Springfield Town Hall,MONORAIL / MONORAIL / MONORAIL!,monorail monorail monorail,3
21064,71,91,Homer Simpson: (SINGING) Mono... (ANNOYED GRUNT),525000,true,2,48,Homer Simpson,Springfield Town Hall,Mono...,mono,1
21065,71,92,(Simpson Car: INT. SIMPSON CAR - MINUTES LATER),532000,false,,151,,Simpson Car,,,
21066,71,93,Bart Simpson: Monorail! Monorail! Monorail!,532000,true,8,151,Bart Simpson,Simpson Car,Monorail! Monorail! Monorail!,monorail monorail monorail,3
21067,71,94,Marge Simpson: I still think we should have spent the money to fix Main Street.,534000,true,1,151,Marge Simpson,Simpson Car,I still think we should have spent the money to fix Main Street.,i still think we should have spent the money to fix main street,13
21068,71,95,"Homer Simpson: Well, you should have written a song like that guy.",537000,true,2,151,Homer Simpson,Simpson Car,"Well, you should have written a song like that guy.",well you should have written a song like that guy,10
21069,71,96,Marge Simpson: (ANNOYED MURMUR),537000,false,1,151,Marge Simpson,Simpson Car,,,
21070,71,97,(Miss Hoover's Classroom: INT. springfield elementary - MISS HOOVER'S CLASS - DAY),541000,false,,574,,Miss Hoover's Classroom,,,
21071,71,98,"Miss Hoover: Thank you for coming, Mr. Lanley. I'm Miss Hoover.",541000,true,464,574,Miss Hoover,Miss Hoover's Classroom,"Thank you for coming, Mr. Lanley. I'm Miss Hoover.",thank you for coming mr lanley im miss hoover,9
21072,71,99,LANLEY: "Miss" Hoover? That is hard to believe.,544000,true,978,574,LANLEY,Miss Hoover's Classroom,"Miss" Hoover? That is hard to believe.,miss hoover that is hard to believe,7
21073,71,100,"Miss Hoover: Oh, you. (GIGGLES)",547000,true,464,574,Miss Hoover,Miss Hoover's Classroom,"Oh, you.",oh you,2
21074,71,101,"LANLEY: Now, I'm here to answer any questions you children may have about the monorail.",548000,true,978,574,LANLEY,Miss Hoover's Classroom,"Now, I'm here to answer any questions you children may have about the monorail.",now im here to answer any questions you children may have about the monorail,14
21075,71,102,Ralph Wiggum: Can it outrun The Flash?,553000,true,119,574,Ralph Wiggum,Miss Hoover's Classroom,Can it outrun The Flash?,can it outrun the flash,5
21076,71,103,LANLEY: You bet.,553000,true,978,574,LANLEY,Miss Hoover's Classroom,You bet.,you bet,2
21077,71,104,"Chuck: (RAISING HAND, LISPING) Can Superman outrun The Flash?",555000,true,463,574,Chuck,Miss Hoover's Classroom,Can Superman outrun The Flash?,can superman outrun the flash,5
21078,71,105,"LANLEY: (TAKEN ABACK) Eh, sure, why not? (SEES LISA) Hello, little girl, wondering if your dolly can ride the monorail for free?",558000,true,978,574,LANLEY,Miss Hoover's Classroom,"Eh, sure, why not? Hello, little girl, wondering if your dolly can ride the monorail for free?",eh sure why not hello little girl wondering if your dolly can ride the monorail for free,17
21079,71,106,Lisa Simpson: (ICY) Hardly. I'd like you to explain why we should build a mass transit system in a small town with a centralized population.,564000,true,9,574,Lisa Simpson,Miss Hoover's Classroom,Hardly. I'd like you to explain why we should build a mass transit system in a small town with a centralized population.,hardly id like you to explain why we should build a mass transit system in a small town with a centralized population,22
21080,71,107,"LANLEY: Ha, ha. Young lady, that's the most intelligent question I've ever been asked.",572000,true,978,574,LANLEY,Miss Hoover's Classroom,"Ha, ha. Young lady, that's the most intelligent question I've ever been asked.",ha ha young lady thats the most intelligent question ive ever been asked,13
21081,71,108,Lisa Simpson: Really?,575000,true,9,574,Lisa Simpson,Miss Hoover's Classroom,Really?,really,1
21143,71,170,"Bart Simpson: Wow, Dad. You really know your monorails.",775000,true,8,743,Bart Simpson,Monorail Cockpit,"Wow, Dad. You really know your monorails.",wow dad you really know your monorails,7
21082,71,109,"LANLEY: Oh, I could give you an answer, but the only ones who'd understand it would be you and me... (ASIDE) And that includes your teacher.",576000,true,978,574,LANLEY,Miss Hoover's Classroom,"Oh, I could give you an answer, but the only ones who'd understand it would be you and me... And that includes your teacher.",oh i could give you an answer but the only ones whod understand it would be you and me and that includes your teacher,24
21083,71,110,Lisa Simpson: (GIGGLES),576000,false,9,574,Lisa Simpson,Miss Hoover's Classroom,,,
21084,71,111,"LANLEY: Next question -- (POINTING) You there, eating the paste.",585000,true,978,574,LANLEY,Miss Hoover's Classroom,"Next question -- You there, eating the paste.",next question -- you there eating the paste,8
21085,71,112,(Simpson Home: INT. SIMPSON HOUSE - LIVING ROOM - EVENING),588000,false,,5,,Simpson Home,,,
21086,71,113,"Announcer: Coming soon, it's ""Truckosaurus, the Movie"" starring Marlon Brando as the voice of John Truckosaurus.",588000,true,33,5,Announcer,Simpson Home,"Coming soon, it's ""Truckosaurus, the Movie"" starring Marlon Brando as the voice of John Truckosaurus.",coming soon its truckosaurus the movie starring marlon brando as the voice of john truckosaurus,15
21087,71,114,Truckosaurus: You crazy car. I don't know whether to eat you or kiss you.,594000,true,979,5,Truckosaurus,Simpson Home,You crazy car. I don't know whether to eat you or kiss you.,you crazy car i dont know whether to eat you or kiss you,13
21088,71,115,Announcer: Celebrity voice impersonated.,599000,true,33,5,Announcer,Simpson Home,Celebrity voice impersonated.,celebrity voice impersonated,3
21089,71,116,LANLEY: Are you stuck in a dead-end job?,601000,true,978,5,LANLEY,Simpson Home,Are you stuck in a dead-end job?,are you stuck in a dead-end job,7
21090,71,117,Homer Simpson: (DEFENSIVE) Maybe.,604000,true,2,5,Homer Simpson,Simpson Home,Maybe.,maybe,1
21091,71,118,LANLEY: Are you squandering the precious gift of life in front of the idiot box?,605000,true,978,5,LANLEY,Simpson Home,Are you squandering the precious gift of life in front of the idiot box?,are you squandering the precious gift of life in front of the idiot box,14
21092,71,119,Homer Simpson: (ANGRIER) What's it to ya?,608000,true,2,5,Homer Simpson,Simpson Home,What's it to ya?,whats it to ya,4
21093,71,120,LANLEY: Are you on your third beer of the evening?,610000,true,978,5,LANLEY,Simpson Home,Are you on your third beer of the evening?,are you on your third beer of the evening,9
21094,71,121,Homer Simpson: Does whiskey count as beer?,613000,true,2,5,Homer Simpson,Simpson Home,Does whiskey count as beer?,does whiskey count as beer,5
21095,71,122,"LANLEY: Well, maybe it's time you joined the exciting field of Monorail Conducting by enrolling at the Lanley Institute.",614000,true,978,5,LANLEY,Simpson Home,"Well, maybe it's time you joined the exciting field of Monorail Conducting by enrolling at the Lanley Institute.",well maybe its time you joined the exciting field of monorail conducting by enrolling at the lanley institute,18
21096,71,123,Announcer: (QUICK) Actual institute may not match photo.,620000,true,33,5,Announcer,Simpson Home,Actual institute may not match photo.,actual institute may not match photo,6
21097,71,124,"Homer Simpson: Marge, I want to be a monorail conductor.",623000,true,2,5,Homer Simpson,Simpson Home,"Marge, I want to be a monorail conductor.",marge i want to be a monorail conductor,8
21098,71,125,"Marge Simpson: Homer, no...",625000,true,1,5,Marge Simpson,Simpson Home,"Homer, no...",homer no,2
21099,71,126,Homer Simpson: It's my life-long dream.,626000,true,2,5,Homer Simpson,Simpson Home,It's my life-long dream.,its my life-long dream,4
21100,71,127,"Marge Simpson: Your life-long dream was to run out on the field during a baseball game, and you did it last year, remember?",628000,true,1,5,Marge Simpson,Simpson Home,"Your life-long dream was to run out on the field during a baseball game, and you did it last year, remember?",your life-long dream was to run out on the field during a baseball game and you did it last year remember,21
21101,71,128,"Homer Simpson: (DREAMY) Oh, yeah.",637000,true,2,5,Homer Simpson,Simpson Home,"Oh, yeah.",oh yeah,2
21102,71,129,(Monorail Conductor Class: int. monorail conductoR CLASS - NIGHT),638000,false,,741,,Monorail Conductor Class,,,
21103,71,130,"LANLEY: Good evening. Before we begin, is anyone here an investigative reporter?",638000,true,978,741,LANLEY,Monorail Conductor Class,"Good evening. Before we begin, is anyone here an investigative reporter?",good evening before we begin is anyone here an investigative reporter,11
21104,71,131,"Reporter: I am, and.. she is.",645000,true,345,741,Reporter,Monorail Conductor Class,"I am, and.. she is.",i am and she is,5
21105,71,132,"LANLEY: Well, I'd like you to please leave.",646000,true,978,741,LANLEY,Monorail Conductor Class,"Well, I'd like you to please leave.",well id like you to please leave,7
21106,71,133,Reporter: Should we take our hidden camera?,648000,true,345,741,Reporter,Monorail Conductor Class,Should we take our hidden camera?,should we take our hidden camera,6
21107,71,134,LANLEY: Would you?,650000,true,978,741,LANLEY,Monorail Conductor Class,Would you?,would you,2
21108,71,135,"Reporter: Let's go, Phil.",650000,true,345,741,Reporter,Monorail Conductor Class,"Let's go, Phil.",lets go phil,3
21109,71,136,(Simpson Home: int. simpson house - dining room - night),654000,false,,5,,Simpson Home,,,
21110,71,137,Bart Simpson: (READING) "True or false: You can get mono from riding the monorail?",654000,true,8,5,Bart Simpson,Simpson Home,"True or false: You can get mono from riding the monorail?",true or false you can get mono from riding the monorail,11
21111,71,138,"Homer Simpson: Hmmm, false... No, wait. Maybe it's true.",654000,true,2,5,Homer Simpson,Simpson Home,"Hmmm, false... No, wait. Maybe it's true.",hmmm false no wait maybe its true,7
21112,71,139,"Bart Simpson: (LOOKING UP ANSWER) No, you were right, it's ""false."" Wow, you really are gonna be a monorail conductor!",662000,true,8,5,Bart Simpson,Simpson Home,"No, you were right, it's ""false."" Wow, you really are gonna be a monorail conductor!",no you were right its false wow you really are gonna be a monorail conductor,15
21113,71,140,"Homer Simpson: (NODS) That's right, boy.",667000,true,2,5,Homer Simpson,Simpson Home,"That's right, boy.",thats right boy,3
21247,71,274,(Airplane: INT. AIRPLANE - CONTINUOUS),1153000,false,,416,,Airplane,,,
21114,71,141,"Bart Simpson: You know, I used to think you were stuck in an emasculating, go-nowhere job.",668000,true,8,5,Bart Simpson,Simpson Home,"You know, I used to think you were stuck in an emasculating, go-nowhere job.",you know i used to think you were stuck in an emasculating go-nowhere job,14
21115,71,142,Homer Simpson: Heh-heh. Kids.,672000,true,2,5,Homer Simpson,Simpson Home,Heh-heh. Kids.,heh-heh kids,2
21116,71,143,"Bart Simpson: But now, I want to follow in your footsteps.",674000,true,8,5,Bart Simpson,Simpson Home,"But now, I want to follow in your footsteps.",but now i want to follow in your footsteps,9
21117,71,144,Homer Simpson: (TOUCHED) Do you want to change your name to Homer Junior? The kids can call you Hoju!,677000,true,2,5,Homer Simpson,Simpson Home,Do you want to change your name to Homer Junior? The kids can call you Hoju!,do you want to change your name to homer junior the kids can call you hoju,16
21118,71,145,Bart Simpson: I'll get back to you.,681000,true,8,5,Bart Simpson,Simpson Home,I'll get back to you.,ill get back to you,5
21119,71,146,(Monorail Construction Site: EXT. MONORAIL CONSTRUCTION SITE - DAY),683000,false,,742,,Monorail Construction Site,,,
21120,71,147,"Barney Gumble: Come on... keep it comin'... over... over... mmm hmm... mmm hmm... Hi, Homer!",683000,true,18,742,Barney Gumble,Monorail Construction Site,"Come on... keep it comin'... over... over... mmm hmm... mmm hmm... Hi, Homer!",come on keep it comin over over mmm hmm mmm hmm hi homer,13
21121,71,148,Barney Gumble: (MOANS) I hate that sound.,694000,true,18,742,Barney Gumble,Monorail Construction Site,I hate that sound.,i hate that sound,4
21122,71,149,(Simpson Home: INT. SIMPSON HOUSE - master bedroom - NIGHT),697000,false,,5,,Simpson Home,,,
21123,71,150,"Marge Simpson: According to this book, the monorail goes over a hundred and fifty miles an hour. What if something goes wrong?",697000,true,1,5,Marge Simpson,Simpson Home,"According to this book, the monorail goes over a hundred and fifty miles an hour. What if something goes wrong?",according to this book the monorail goes over a hundred and fifty miles an hour what if something goes wrong,20
21124,71,151,"Homer Simpson: ""What if?"" What if I'm taking a shower and I slip on a bar of soap? (FRIGHTENED) Oh, my God, I'd be killed!",702000,true,2,5,Homer Simpson,Simpson Home,"""What if?"" What if I'm taking a shower and I slip on a bar of soap? Oh, my God, I'd be killed!",what if what if im taking a shower and i slip on a bar of soap oh my god id be killed,22
21125,71,152,Marge Simpson: It frightens me that you want to work on something that's so unsafe.,708000,true,1,5,Marge Simpson,Simpson Home,It frightens me that you want to work on something that's so unsafe.,it frightens me that you want to work on something thats so unsafe,13
21126,71,153,Homer Simpson: (HEROIC) We monorail conductors are a crazy breed. Half in love with death -- gobbling up danger like ordinary men eat peanuts... Am I turning you on?,712000,true,2,5,Homer Simpson,Simpson Home,We monorail conductors are a crazy breed. Half in love with death -- gobbling up danger like ordinary men eat peanuts... Am I turning you on?,we monorail conductors are a crazy breed half in love with death -- gobbling up danger like ordinary men eat peanuts am i turning you on,26
21127,71,154,Marge Simpson: No.,721000,true,1,5,Marge Simpson,Simpson Home,No.,no,1
21128,71,155,Homer Simpson: What if I undo this button?,722000,true,2,5,Homer Simpson,Simpson Home,What if I undo this button?,what if i undo this button,6
21129,71,156,"Marge Simpson: Goodnight, Homer.",723000,true,1,5,Marge Simpson,Simpson Home,"Goodnight, Homer.",goodnight homer,2
21130,71,157,Homer Simpson: (DEEP VOICE) What if I talk like this?,725000,true,2,5,Homer Simpson,Simpson Home,What if I talk like this?,what if i talk like this,6
21131,71,158,Homer Simpson: What if I SING TO YOU? (SINGING) I GAVE MY LOVE A CHICKEN THAT HAD NO BONE/ (PAUSE) (SPEAKING) Mmmm chicken.,727000,true,2,5,Homer Simpson,Simpson Home,What if I SING TO YOU? I GAVE MY LOVE A CHICKEN THAT HAD NO BONE/ Mmmm chicken.,what if i sing to you i gave my love a chicken that had no bone mmmm chicken,18
21132,71,159,(Monorail Conductor Class: INT. MONORAIL CONDUCTOR CLASS),739000,false,,741,,Monorail Conductor Class,,,
21133,71,160,"LANLEY: ...so then, ""mono"" means ""one"" and ""rail"" means ""rail."" And that concludes our intensive three-week course.",739000,true,978,741,LANLEY,Monorail Conductor Class,"...so then, ""mono"" means ""one"" and ""rail"" means ""rail."" And that concludes our intensive three-week course.",so then mono means one and rail means rail and that concludes our intensive three-week course,16
21134,71,161,"Otto Mann: Hey, wait, man. Who gets to be conductor?",748000,true,52,741,Otto Mann,Monorail Conductor Class,"Hey, wait, man. Who gets to be conductor?",hey wait man who gets to be conductor,8
21135,71,162,"LANLEY: Oh, right, that. Well, I've been monitoring your progress closely...",751000,true,978,741,LANLEY,Monorail Conductor Class,"Oh, right, that. Well, I've been monitoring your progress closely...",oh right that well ive been monitoring your progress closely,10
21136,71,163,LANLEY: But this gentleman here clearly stands out above the rest.,752000,true,978,741,LANLEY,Monorail Conductor Class,But this gentleman here clearly stands out above the rest.,but this gentleman here clearly stands out above the rest,10
21137,71,164,"Homer Simpson: Who, me?",758000,true,2,741,Homer Simpson,Monorail Conductor Class,"Who, me?",who me,2
21138,71,165,"LANLEY: (EXITING) Yeah, sure.",759000,true,978,741,LANLEY,Monorail Conductor Class,"Yeah, sure.",yeah sure,2
21139,71,166,Homer Simpson: Woo-hoo!,759000,true,2,741,Homer Simpson,Monorail Conductor Class,Woo-hoo!,woo-hoo,1
21140,71,167,"Kent Brockman: After an exhaustive search, Springfield has found its monorail conductor -- Homer Simpson.",761000,true,211,741,Kent Brockman,Monorail Conductor Class,"After an exhaustive search, Springfield has found its monorail conductor -- Homer Simpson.",after an exhaustive search springfield has found its monorail conductor -- homer simpson,13
21141,71,168,(Monorail Cockpit: int. monorail cockpit - night),770000,false,,743,,Monorail Cockpit,,,
21142,71,169,"Homer Simpson: And this is the snack holder where I can put my beverage -- or, if you will -- cupcake.",770000,true,2,743,Homer Simpson,Monorail Cockpit,"And this is the snack holder where I can put my beverage -- or, if you will -- cupcake.",and this is the snack holder where i can put my beverage -- or if you will -- cupcake,19
21321,72,31,Homer Simpson: (SINGING) THE WICKED WITCH.,204000,true,2,759,Homer Simpson,SIMPSON STATION WAGON,THE WICKED WITCH.,the wicked witch,3
21144,71,171,"Marge Simpson: (STARTLED NOISE) Homer, there's a family of opossums in here!",781000,true,1,743,Marge Simpson,Monorail Cockpit,"Homer, there's a family of opossums in here!",homer theres a family of opossums in here,8
21145,71,172,Homer Simpson: I call the big one Bitey.,784000,true,2,743,Homer Simpson,Monorail Cockpit,I call the big one Bitey.,i call the big one bitey,6
21146,71,173,Marge Simpson: (WORRIED MURMUR) I'm going to see Mr. Lanley.,786000,true,1,743,Marge Simpson,Monorail Cockpit,I'm going to see Mr. Lanley.,im going to see mr lanley,6
21147,71,174,(LANLEY'S OFC.: ext. lanley's ofc. - construction site - a little later),791000,false,,744,,LANLEY'S OFC.,,,
21148,71,175,Marge Simpson: Mr. Lanley? Mr. Lanley?,791000,true,1,744,Marge Simpson,LANLEY'S OFC.,Mr. Lanley? Mr. Lanley?,mr lanley mr lanley,4
21149,71,176,(Office: INT. OFFICE - CONTINUOUS),808000,false,,745,,Office,,,
21150,71,177,LANLEY: (SUSPICIOUS) How much did you see?,808000,true,978,745,LANLEY,Office,How much did you see?,how much did you see,5
21151,71,178,Marge Simpson: Nothing incriminating.,809000,true,1,745,Marge Simpson,Office,Nothing incriminating.,nothing incriminating,2
21152,71,179,LANLEY: Good.,811000,true,978,745,LANLEY,Office,Good.,good,1
21153,71,180,"Marge Simpson: (NERVOUS) Well, bye.",813000,true,1,745,Marge Simpson,Office,"Well, bye.",well bye,2
21154,71,181,LANLEY: I don't know why I leave this lying around.,814000,true,978,745,LANLEY,Office,I don't know why I leave this lying around.,i dont know why i leave this lying around,9
21155,71,182,(North Haverbrook: ext. north haverbrook - later),817000,false,,746,,North Haverbrook,,,
21156,71,183,"LANLEY: I've sold monorails to Brockway, Ogdenville and North Haverbrook.",817000,true,978,746,LANLEY,North Haverbrook,"I've sold monorails to Brockway, Ogdenville and North Haverbrook.",ive sold monorails to brockway ogdenville and north haverbrook,9
21157,71,184,Apu Nahasapeemapetilon: Is there a chance the track could bend?,822000,true,208,746,Apu Nahasapeemapetilon,North Haverbrook,Is there a chance the track could bend?,is there a chance the track could bend,8
21158,71,185,Homer Simpson: I call the big one Bitey.,825000,true,2,746,Homer Simpson,North Haverbrook,I call the big one Bitey.,i call the big one bitey,6
21159,71,186,"LANLEY: I've sold momorails to Brockway, Odgenville and North Haverbrook.",827000,true,978,746,LANLEY,North Haverbrook,"I've sold momorails to Brockway, Odgenville and North Haverbrook.",ive sold momorails to brockway odgenville and north haverbrook,9
21160,71,187,Apu Nahasapeemapetilon: Is there a chance the track could bend.,831000,true,208,746,Apu Nahasapeemapetilon,North Haverbrook,Is there a chance the track could bend.,is there a chance the track could bend,8
21161,71,188,Homer Simpson: I call the big one Bitey.,834000,true,2,746,Homer Simpson,North Haverbrook,I call the big one Bitey.,i call the big one bitey,6
21162,71,189,(CAFE: ext. cafe - later),852000,false,,378,,CAFE,,,
21163,71,190,Waitress: Go away! There ain't no monorail and there never was!,852000,true,608,378,Waitress,CAFE,Go away! There ain't no monorail and there never was!,go away there aint no monorail and there never was,10
21164,71,191,"Sebastian Kobb: (GERMAN ACCENT) Excuse me, Miss, you asked about the monorail?",863000,true,980,378,Sebastian Kobb,CAFE,"Excuse me, Miss, you asked about the monorail?",excuse me miss you asked about the monorail,8
21165,71,192,Marge Simpson: Who are you?,866000,true,1,378,Marge Simpson,CAFE,Who are you?,who are you,3
21166,71,193,Sebastian Kobb: My name is Sebastian Kobb. Lanley hired me to build his monorail. He cut corners everywhere... bad wiring... faulty brakes... and the celebrity on the maiden voyage was Gallagher.,867000,true,980,378,Sebastian Kobb,CAFE,My name is Sebastian Kobb. Lanley hired me to build his monorail. He cut corners everywhere... bad wiring... faulty brakes... and the celebrity on the maiden voyage was Gallagher.,my name is sebastian kobb lanley hired me to build his monorail he cut corners everywhere bad wiring faulty brakes and the celebrity on the maiden voyage was gallagher,29
21167,71,194,Sebastian Kobb: This is all that's left of one of the crappiest trains ever built.,879000,true,980,378,Sebastian Kobb,CAFE,This is all that's left of one of the crappiest trains ever built.,this is all thats left of one of the crappiest trains ever built,13
21168,71,195,"Marge Simpson: Mr. Kobb, what can we do?",885000,true,1,378,Marge Simpson,CAFE,"Mr. Kobb, what can we do?",mr kobb what can we do,6
21169,71,196,Sebastian Kobb: You just better have a damn good conductor.,888000,true,980,378,Sebastian Kobb,CAFE,You just better have a damn good conductor.,you just better have a damn good conductor,8
21170,71,197,(Monorail: ext. monorail - continuous),891000,false,,747,,Monorail,,,
21171,71,198,Homer Simpson: I locked my keys in there. (TO BART) Get a rock.,891000,true,2,747,Homer Simpson,Monorail,I locked my keys in there. Get a rock.,i locked my keys in there get a rock,9
21172,71,199,(Springfield Central Monorail Platform: EXT. SPRINGFIELD CENTRAL MONORAIL PLATFORM - DAY),900000,false,,748,,Springfield Central Monorail Platform,,,
21173,71,200,"Kent Brockman: Ladies and gentlemen, nothing brings out the stars like the maiden voyage of a monorail. Everyone's here, from recently outed leading man, Dash Calhoun... to Krusty the Clown!",900000,true,211,748,Kent Brockman,Springfield Central Monorail Platform,"Ladies and gentlemen, nothing brings out the stars like the maiden voyage of a monorail. Everyone's here, from recently outed leading man, Dash Calhoun... to Krusty the Clown!",ladies and gentlemen nothing brings out the stars like the maiden voyage of a monorail everyones here from recently outed leading man dash calhoun to krusty the clown,28
21174,71,201,"Krusty the Clown: Hey, Hey.",912000,true,139,748,Krusty the Clown,Springfield Central Monorail Platform,"Hey, Hey.",hey hey,2
21175,71,202,"Woman With Baby: Krusty, why won't you answer my calls? You've never even seen our son!",913000,true,981,748,Woman With Baby,Springfield Central Monorail Platform,"Krusty, why won't you answer my calls? You've never even seen our son!",krusty why wont you answer my calls youve never even seen our son,13
21176,71,203,Baby: (KRUSTY-TYPE NOISE),913000,false,982,748,Baby,Springfield Central Monorail Platform,,,
21322,72,32,Marge Simpson: (POINTED) Homer.,205000,true,1,759,Marge Simpson,SIMPSON STATION WAGON,Homer.,homer,1
21177,71,204,"Kent Brockman: Here's one of those loveable high-schoolers from TV's Springfield Heights, 90210. He's cool, he's sexy, he's thirty-four years old, let's hear it for Kyle Darren!",920000,true,211,748,Kent Brockman,Springfield Central Monorail Platform,"Here's one of those loveable high-schoolers from TV's Springfield Heights, 90210. He's cool, he's sexy, he's thirty-four years old, let's hear it for Kyle Darren!",heres one of those loveable high-schoolers from tvs springfield heights 90210 hes cool hes sexy hes thirty-four years old lets hear it for kyle darren,25
21178,71,205,"Kent Brockman: And here's country singing sensation, Lurleen Lumpkin, fresh from her latest stay at the Betty Ford clinic!",932000,true,211,748,Kent Brockman,Springfield Central Monorail Platform,"And here's country singing sensation, Lurleen Lumpkin, fresh from her latest stay at the Betty Ford clinic!",and heres country singing sensation lurleen lumpkin fresh from her latest stay at the betty ford clinic,17
21179,71,206,Kent Brockman: What ya been up to Lurleen?,941000,true,211,748,Kent Brockman,Springfield Central Monorail Platform,What ya been up to Lurleen?,what ya been up to lurleen,6
21180,71,207,"Lurleen Lumpkin: (DEEP, SCRATCHY VOICE) I spent last night in a ditch.",943000,true,785,748,Lurleen Lumpkin,Springfield Central Monorail Platform,I spent last night in a ditch.,i spent last night in a ditch,7
21181,71,208,"Kent Brockman: (NERVOUS LAUGH) How about that, folks?",945000,true,211,748,Kent Brockman,Springfield Central Monorail Platform,"How about that, folks?",how about that folks,4
21182,71,209,(Monorail Dais: ext. monorail dais - a little later),947000,false,,749,,Monorail Dais,,,
21183,71,210,"Mayor Joe Quimby: Now, I'd like to turn things over to our Grand Marshal, Mr. Leonard Nimoy.",947000,true,240,749,Mayor Joe Quimby,Monorail Dais,"Now, I'd like to turn things over to our Grand Marshal, Mr. Leonard Nimoy.",now id like to turn things over to our grand marshal mr leonard nimoy,14
21184,71,211,NIMOY: (PATTING MONORAIL) (CHUCKLING),947000,false,983,749,NIMOY,Monorail Dais,,,
21185,71,212,NIMOY: I'd say this vessel could do at least warp five.,952000,true,983,749,NIMOY,Monorail Dais,I'd say this vessel could do at least warp five.,id say this vessel could do at least warp five,10
21186,71,213,"Mayor Joe Quimby: (TO NIMOY) And let me say, ""May the force be with you.""",958000,true,240,749,Mayor Joe Quimby,Monorail Dais,"And let me say, ""May the force be with you.""",and let me say may the force be with you,10
21187,71,214,NIMOY: (LOOKS ANNOYED) Do you even know who I am?,958000,true,983,749,NIMOY,Monorail Dais,Do you even know who I am?,do you even know who i am,7
21188,71,215,Mayor Joe Quimby: (CAUGHT) I think I do. Weren't you one of the Little Rascals?,964000,true,240,749,Mayor Joe Quimby,Monorail Dais,I think I do. Weren't you one of the Little Rascals?,i think i do werent you one of the little rascals,11
21189,71,216,(Main Street: ext. main street - a few moments later),970000,false,,495,,Main Street,,,
21190,71,217,Lisa Simpson: Mr. Lanley! Aren't you gonna ride the monorail?,970000,true,9,495,Lisa Simpson,Main Street,Mr. Lanley! Aren't you gonna ride the monorail?,mr lanley arent you gonna ride the monorail,8
21191,71,218,"LANLEY: Little lady, I'd love to. But I have to catch a plane.",974000,true,978,495,LANLEY,Main Street,"Little lady, I'd love to. But I have to catch a plane.",little lady id love to but i have to catch a plane,12
21192,71,219,Lisa Simpson: But the ride only takes a minute.,976000,true,9,495,Lisa Simpson,Main Street,But the ride only takes a minute.,but the ride only takes a minute,7
21193,71,220,"LANLEY: (NERVOUS) Yeah, well my plane leaves in less than one minute.",978000,true,978,495,LANLEY,Main Street,"Yeah, well my plane leaves in less than one minute.",yeah well my plane leaves in less than one minute,10
21194,71,221,LANLEY: His car SCREECHES off.,987000,true,978,495,LANLEY,Main Street,His car SCREECHES off.,his car screeches off,4
21195,71,222,(MONORAIL PLATFORM: ext. monorail platform - day),987000,false,,750,,MONORAIL PLATFORM,,,
21196,71,223,(Cockpit: INT. cockpit - day),987000,false,,417,,Cockpit,,,
21197,71,224,Homer Simpson: All aboard!,987000,true,2,417,Homer Simpson,Cockpit,All aboard!,all aboard,2
21198,71,225,(Monorail Engine: int. monorail engine - continuous),1003000,false,,751,,Monorail Engine,,,
21199,71,226,(MONORAIL PLATFORM: EXT. MONORAIL PLATFORM - CONTINUOUS),1003000,false,,750,,MONORAIL PLATFORM,,,
21200,71,227,Marge Simpson: We're too late!,1003000,true,1,750,Marge Simpson,MONORAIL PLATFORM,We're too late!,were too late,3
21201,71,228,Sebastian Kobb: I shouldn't have stopped for that haircut. Sorry.,1004000,true,980,750,Sebastian Kobb,MONORAIL PLATFORM,I shouldn't have stopped for that haircut. Sorry.,i shouldnt have stopped for that haircut sorry,8
21202,71,229,(Monorail Cabin: INT. MONORAIL CABIN - MOMENTS LATER),1016000,false,,752,,Monorail Cabin,,,
21203,71,230,"NIMOY: Actually, you see the doors on Star Trek were not mechanical. We had a stagehand on either side who would pull the door open when he saw you approach.",1016000,true,983,752,NIMOY,Monorail Cabin,"Actually, you see the doors on Star Trek were not mechanical. We had a stagehand on either side who would pull the door open when he saw you approach.",actually you see the doors on star trek were not mechanical we had a stagehand on either side who would pull the door open when he saw you approach,29
21204,71,231,Man: (NOT TOO INTERESTED) Uh-huh.,1024000,true,311,752,Man,Monorail Cabin,Uh-huh.,uh-huh,1
21205,71,232,(Monorail Cockpit: int. monorail cockpit - continuous),1025000,false,,743,,Monorail Cockpit,,,
21206,71,233,"Homer Simpson: Stick your head out the window, boy. It's the greatest!",1025000,true,2,743,Homer Simpson,Monorail Cockpit,"Stick your head out the window, boy. It's the greatest!",stick your head out the window boy its the greatest,10
21207,71,234,Bart Simpson: (LIKE A COWBOY) Yee-hawww!,1029000,true,8,743,Bart Simpson,Monorail Cockpit,Yee-hawww!,yee-hawww,1
21208,71,235,(Monorail: ext. wide shot of monorail),1051000,false,,747,,Monorail,,,
21209,71,236,(Cockpit: INT. COCKPIT - CONTINUOUS),1051000,false,,417,,Cockpit,,,
21210,71,237,"Bart Simpson: Can't you stop it, Dad?",1051000,true,8,417,Bart Simpson,Cockpit,"Can't you stop it, Dad?",cant you stop it dad,5
21211,71,238,Homer Simpson: I'm trying my best.,1052000,true,2,417,Homer Simpson,Cockpit,I'm trying my best.,im trying my best,4
21212,71,239,Woman: (TELEPHONE OPERATOR VOICE) The lever you have pulled -- brakes -- is not in service. Please make a note of it.,1055000,true,118,417,Woman,Cockpit,The lever you have pulled -- brakes -- is not in service. Please make a note of it.,the lever you have pulled -- brakes -- is not in service please make a note of it,18
21213,71,240,(MONORAIL PLATFORM: ext. monorail platform - day),1060000,false,,750,,MONORAIL PLATFORM,,,
21214,71,241,Marge Simpson: How fast are they going?,1060000,true,1,750,Marge Simpson,MONORAIL PLATFORM,How fast are they going?,how fast are they going,5
21215,71,242,Homer Simpson: (SCREAM WHICH FADES),1060000,false,2,750,Homer Simpson,MONORAIL PLATFORM,,,
21216,71,243,"Sebastian Kobb: Well, judging by your husband's cowardly scream, 180 miles an hour.",1064000,true,980,750,Sebastian Kobb,MONORAIL PLATFORM,"Well, judging by your husband's cowardly scream, 180 miles an hour.",well judging by your husbands cowardly scream 180 miles an hour,11
21217,71,244,Homer Simpson: (SCREAM WHICH FADES),1064000,false,2,750,Homer Simpson,MONORAIL PLATFORM,,,
21218,71,245,(COMMAND CENTER: INT. COMMAND CENTER),1064000,false,,753,,COMMAND CENTER,,,
21219,71,246,Chief Wiggum: Ahhh. It's making me dizzy. I'm gonna take a nap.,1064000,true,71,753,Chief Wiggum,COMMAND CENTER,Ahhh. It's making me dizzy. I'm gonna take a nap.,ahhh its making me dizzy im gonna take a nap,10
21220,71,247,"Mayor Joe Quimby: All right, I'm in charge here.",1076000,true,240,753,Mayor Joe Quimby,COMMAND CENTER,"All right, I'm in charge here.",all right im in charge here,6
21221,71,248,"Chief Wiggum: Ah, run along, Quimby. I think they're dedicating a phone booth somewhere.",1077000,true,71,753,Chief Wiggum,COMMAND CENTER,"Ah, run along, Quimby. I think they're dedicating a phone booth somewhere.",ah run along quimby i think theyre dedicating a phone booth somewhere,12
21222,71,249,"Mayor Joe Quimby: Watch it, you talking tub of donut batter.",1081000,true,240,753,Mayor Joe Quimby,COMMAND CENTER,"Watch it, you talking tub of donut batter.",watch it you talking tub of donut batter,8
21223,71,250,"Chief Wiggum: Hey, I got pictures of you, Quimby!",1083000,true,71,753,Chief Wiggum,COMMAND CENTER,"Hey, I got pictures of you, Quimby!",hey i got pictures of you quimby,7
21224,71,251,"Mayor Joe Quimby: You don't scare me. That could be anyone's ass. Now, beat it. I'm calling the shots.",1085000,true,240,753,Mayor Joe Quimby,COMMAND CENTER,"You don't scare me. That could be anyone's ass. Now, beat it. I'm calling the shots.",you dont scare me that could be anyones ass now beat it im calling the shots,16
21225,71,252,"Chief Wiggum: (POKING HIM) I think that sash is cutting off the air to your brain. The town charter says in an emergency, I run the show.",1090000,true,71,753,Chief Wiggum,COMMAND CENTER,"I think that sash is cutting off the air to your brain. The town charter says in an emergency, I run the show.",i think that sash is cutting off the air to your brain the town charter says in an emergency i run the show,23
21226,71,253,"Mayor Joe Quimby: Well, we'll just see about that. Let's go to town hall.",1097000,true,240,753,Mayor Joe Quimby,COMMAND CENTER,"Well, we'll just see about that. Let's go to town hall.",well well just see about that lets go to town hall,11
21227,71,254,"Chief Wiggum: Fine. (SUDDENLY FRIENDLY) Should we take one car, or should I follow you?",1099000,true,71,753,Chief Wiggum,COMMAND CENTER,"Fine. Should we take one car, or should I follow you?",fine should we take one car or should i follow you,11
21228,71,255,(HALL OF RECORDS: int. hall of records - a half hour later),1105000,false,,754,,HALL OF RECORDS,,,
21229,71,256,"Chief Wiggum: Hey, according to the charter, as Chief Constable I'm supposed to get a pig every month (READS) ""... and two comely lasses of virtue true.""",1105000,true,71,754,Chief Wiggum,HALL OF RECORDS,"Hey, according to the charter, as Chief Constable I'm supposed to get a pig every month ""... and two comely lasses of virtue true.""",hey according to the charter as chief constable im supposed to get a pig every month and two comely lasses of virtue true,23
21230,71,257,Mayor Joe Quimby: Keep the pig. How many broads do I get?,1109000,true,240,754,Mayor Joe Quimby,HALL OF RECORDS,Keep the pig. How many broads do I get?,keep the pig how many broads do i get,9
21231,71,258,"Chief Wiggum: Hey. Hey, hey, let go! You're rippin' it.",1115000,true,71,754,Chief Wiggum,HALL OF RECORDS,"Hey. Hey, hey, let go! You're rippin' it.",hey hey hey let go youre rippin it,8
21232,71,259,"Mayor Joe Quimby: No, you are.",1117000,true,240,754,Mayor Joe Quimby,HALL OF RECORDS,"No, you are.",no you are,3
21233,71,260,"Chief Wiggum: No, you are.",1118000,true,71,754,Chief Wiggum,HALL OF RECORDS,"No, you are.",no you are,3
21234,71,261,"Mayor Joe Quimby: Let go, that's the charter.",1119000,true,240,754,Mayor Joe Quimby,HALL OF RECORDS,"Let go, that's the charter.",let go thats the charter,5
21235,71,262,(COMMAND CENTER: INT. COMMAND CENTER),1121000,false,,753,,COMMAND CENTER,,,
21236,71,263,"Engineer #1: (BRIGHTENING) Wait a minute, we can just shut off the power!",1121000,true,984,753,Engineer #1,COMMAND CENTER,"Wait a minute, we can just shut off the power!",wait a minute we can just shut off the power,10
21237,71,264,"Engineer #2: No such luck, it's solar powered.",1125000,true,421,753,Engineer #2,COMMAND CENTER,"No such luck, it's solar powered.",no such luck its solar powered,6
21238,71,265,Engineer #1: (CONTEMPTUOUS) "Solar" power. When will people learn?,1126000,true,984,753,Engineer #1,COMMAND CENTER,"Solar" power. When will people learn?,solar power when will people learn,6
21239,71,266,(Sky: ext. sky - day),1132000,false,,755,,Sky,,,
21240,71,267,(Monorail: int. monorail - continuous),1132000,false,,747,,Monorail,,,
21241,71,268,NIMOY: A solar eclipse. (SMILES) The cosmic ballet goes on.,1132000,true,983,747,NIMOY,Monorail,A solar eclipse. The cosmic ballet goes on.,a solar eclipse the cosmic ballet goes on,8
21242,71,269,Man: Does anyone wanna switch seats?,1136000,true,311,747,Man,Monorail,Does anyone wanna switch seats?,does anyone wanna switch seats,5
21243,71,270,Homer Simpson: I did it!,1147000,true,2,747,Homer Simpson,Monorail,I did it!,i did it,3
21244,71,271,(Sky: ext. sky - day),1153000,false,,755,,Sky,,,
21245,71,272,(Monorail: EXT. MONORAIL),1153000,false,,747,,Monorail,,,
21246,71,273,"Homer Simpson: (ANNOYED GRUNT, WHICH FADES)",1153000,false,2,747,Homer Simpson,Monorail,,,
21248,71,275,"Captain: Folks, this is your captain speaking. Our nonstop flight to Tahiti will be making a brief layover in North Haverbrook.",1153000,true,479,416,Captain,Airplane,"Folks, this is your captain speaking. Our nonstop flight to Tahiti will be making a brief layover in North Haverbrook.",folks this is your captain speaking our nonstop flight to tahiti will be making a brief layover in north haverbrook,20
21249,71,276,"LANLEY: North Haverbrook? Where have I heard that name before? (REALIZES) Oh, no. Oh, no!",1161000,true,978,416,LANLEY,Airplane,"North Haverbrook? Where have I heard that name before? Oh, no. Oh, no!",north haverbrook where have i heard that name before oh no oh no,13
21250,71,277,(North Haverbrook: EXT. NORTH HAVERBROOK - DAY),1166000,false,,746,,North Haverbrook,,,
21251,71,278,Haverbrook Man: There he is! Seat 3-F.,1166000,true,985,746,Haverbrook Man,North Haverbrook,There he is! Seat 3-F.,there he is seat 3-f,5
21252,71,279,(North Haverbrook Airport: EXT. NORTH HAVERBROOK AIRPORT - SECONDS LATER),1176000,false,,756,,North Haverbrook Airport,,,
21253,71,280,(Monorail Cabin: INT. MONORAIL CABIN),1176000,false,,752,,Monorail Cabin,,,
21254,71,281,Krusty the Clown: Krusty wants out!,1176000,true,139,752,Krusty the Clown,Monorail Cabin,Krusty wants out!,krusty wants out,3
21255,71,282,NIMOY: (CALM) No. The world needs laughter.,1181000,true,983,752,NIMOY,Monorail Cabin,No. The world needs laughter.,no the world needs laughter,5
21256,71,283,(Monorail Cockpit: INT. MONORAIL COCKPIT - CONTINUOUS),1184000,false,,743,,Monorail Cockpit,,,
21257,71,284,"Homer Simpson: (QUIET FEAR) Are we gonna die, son?",1184000,true,2,743,Homer Simpson,Monorail Cockpit,"Are we gonna die, son?",are we gonna die son,5
21258,71,285,"Bart Simpson: Yeah, but at least we'll take a lot of innocent people with us.",1185000,true,8,743,Bart Simpson,Monorail Cockpit,"Yeah, but at least we'll take a lot of innocent people with us.",yeah but at least well take a lot of innocent people with us,13
21259,71,286,Marge Simpson: Homer? Homer?,1189000,true,1,743,Marge Simpson,Monorail Cockpit,Homer? Homer?,homer homer,2
21260,71,287,Homer Simpson: Y'ello.,1191000,true,2,743,Homer Simpson,Monorail Cockpit,Y'ello.,yello,1
21261,71,288,(COMMAND CENTER: int. command center - continuous),1191000,false,,753,,COMMAND CENTER,,,
21262,71,289,"Marge Simpson: Homer, there's a man here who thinks he can help you.",1191000,true,1,753,Marge Simpson,COMMAND CENTER,"Homer, there's a man here who thinks he can help you.",homer theres a man here who thinks he can help you,11
21263,71,290,Homer Simpson: (DESPERATE) Batman?,1195000,true,2,753,Homer Simpson,COMMAND CENTER,Batman?,batman,1
21264,71,291,"Marge Simpson: No, he's a scientist.",1195000,true,1,753,Marge Simpson,COMMAND CENTER,"No, he's a scientist.",no hes a scientist,4
21265,71,292,Homer Simpson: Batman's a scientist.,1197000,true,2,753,Homer Simpson,COMMAND CENTER,Batman's a scientist.,batmans a scientist,3
21266,71,293,Marge Simpson: It's not Batman!,1198000,true,1,753,Marge Simpson,COMMAND CENTER,It's not Batman!,its not batman,3
21267,71,294,Sebastian Kobb: I think I have a way to stop the train. You need to find an anchor of some sort.,1199000,true,980,753,Sebastian Kobb,COMMAND CENTER,I think I have a way to stop the train. You need to find an anchor of some sort.,i think i have a way to stop the train you need to find an anchor of some sort,19
21268,71,295,(Cockpit: int. cockpit - continuous),1209000,false,,417,,Cockpit,,,
21269,71,296,"Bart Anchor: Think harder, Homer.",1209000,true,986,417,Bart Anchor,Cockpit,"Think harder, Homer.",think harder homer,3
21270,71,297,(Cabin: int. cabin),1218000,false,,418,,Cabin,,,
21271,71,298,Homer Simpson: I'll take that.,1218000,true,2,418,Homer Simpson,Cabin,I'll take that.,ill take that,3
21272,71,299,(Cockpit: Ext. cockpit - a little later),1230000,false,,417,,Cockpit,,,
21273,71,300,Bart Simpson: Uh... Dad?,1230000,true,8,417,Bart Simpson,Cockpit,Uh... Dad?,uh dad,2
21274,71,301,(Springfield: ext. springfield - day),1248000,false,,216,,Springfield,,,
21275,71,302,(Doctors Office: INT. DOCTORS OFFICE - CONTINUOUS),1248000,false,,757,,Doctors Office,,,
21276,71,303,Dr. Julius Hibbert: Now separating Siamese Twins is a long and costly procedure.,1248000,true,332,757,Dr. Julius Hibbert,Doctors Office,Now separating Siamese Twins is a long and costly procedure.,now separating siamese twins is a long and costly procedure,10
21277,71,304,(ANCHOR STORE: ext. anchor store - day),1259000,false,,758,,ANCHOR STORE,,,
21278,71,305,Captain Horatio McCallister: Arr. Ye call that an anchor?,1259000,true,944,758,Captain Horatio McCallister,ANCHOR STORE,Arr. Ye call that an anchor?,arr ye call that an anchor,6
21279,71,306,(Springfield Street: ext. springfield street - day),1279000,false,,270,,Springfield Street,,,
21280,71,307,(Monorail Cockpit: int. monorail cockpit - continuous),1279000,false,,743,,Monorail Cockpit,,,
21281,71,308,Homer Simpson: (ADMIRINGLY) Donuts. Is there anything they can't do?,1279000,true,2,743,Homer Simpson,Monorail Cockpit,Donuts. Is there anything they can't do?,donuts is there anything they cant do,7
21282,71,309,"Bart Simpson: Dad, you're a hero!",1283000,true,8,743,Bart Simpson,Monorail Cockpit,"Dad, you're a hero!",dad youre a hero,4
21283,71,310,"Homer Simpson: Yes, son. I'm the best mono-thingy guy there ever was.",1285000,true,2,743,Homer Simpson,Monorail Cockpit,"Yes, son. I'm the best mono-thingy guy there ever was.",yes son im the best mono-thingy guy there ever was,10
21284,71,311,(MONORAIL PLATFORM: INT. MONORAIL PLATFORM),1291000,false,,750,,MONORAIL PLATFORM,,,
21285,71,312,"NIMOY: Well, my work is done here.",1291000,true,983,750,NIMOY,MONORAIL PLATFORM,"Well, my work is done here.",well my work is done here,6
21286,71,313,"Barney Gumble: Whadaya mean, your work is done? You didn't do anything.",1293000,true,18,750,Barney Gumble,MONORAIL PLATFORM,"Whadaya mean, your work is done? You didn't do anything.",whadaya mean your work is done you didnt do anything,10
21287,71,314,NIMOY: (ENIGMATIC) (CHUCKLING) Didn't I?,1298000,true,983,750,NIMOY,MONORAIL PLATFORM,Didn't I?,didnt i,2
21288,71,315,(Springfield: ext. springfield - day),1304000,false,,216,,Springfield,,,
21289,71,316,Marge Simpson: And that was the only folly the people of Springfield ever embarked upon -- except for the Popsicle stick skyscraper... and the fifty foot magnifying glass... and that escalator to nowhere.,1304000,true,1,216,Marge Simpson,Springfield,And that was the only folly the people of Springfield ever embarked upon -- except for the Popsicle stick skyscraper... and the fifty foot magnifying glass... and that escalator to nowhere.,and that was the only folly the people of springfield ever embarked upon -- except for the popsicle stick skyscraper and the fifty foot magnifying glass and that escalator to nowhere,31
