id,imdb_votes,number_in_season,number_in_series,original_air_date,original_air_year,season,title
10,1511.0,10,10,1990-03-25,1990,1,Homer's Night Out
12,1716.0,12,12,1990-04-29,1990,1,Krusty Gets Busted
14,1638.0,1,14,1990-10-11,1990,2,"Bart Gets an ""F"""
17,1457.0,4,17,1990-11-01,1990,2,Two Cars in Every Garage and Three Eyes on Every Fish
19,1366.0,6,19,1990-11-15,1990,2,Dead Putting Society
21,1522.0,8,21,1990-12-06,1990,2,Bart the Daredevil
23,1340.0,10,23,1991-01-10,1991,2,Bart Gets Hit by a Car
26,1329.0,13,26,1991-02-07,1991,2,Homer vs. Lisa and the 8th Commandment
28,1413.0,15,28,1991-02-21,1991,2,"Oh Brother, Where Art Thou?"
30,1243.0,17,30,1991-03-28,1991,2,Old Money
32,1684.0,19,32,1991-04-25,1991,2,Lisa's Substitute
35,1223.0,22,35,1991-07-11,1991,2,Blood Feud
37,1274.0,2,37,1991-09-26,1991,3,Mr. Lisa Goes to Washington
39,1446.0,4,39,1991-10-10,1991,3,Bart the Murderer
41,1262.0,6,41,1991-10-24,1991,3,"Like Father, Like Clown"
44,1194.0,9,44,1991-11-14,1991,3,Saturdays of Thunder
46,1291.0,11,46,1991-12-05,1991,3,Burns Verkaufen der Kraftwerk
48,1365.0,13,48,1992-01-09,1992,3,Radio Bart
51,1272.0,16,51,1992-02-13,1992,3,Bart the Lover
53,1201.0,18,53,1992-02-27,1992,3,Separate Vocations
55,1233.0,20,55,1992-03-26,1992,3,Colonel Homer
58,1160.0,23,58,1992-05-07,1992,3,Bart's Friend Falls in Love
60,1414.0,1,60,1992-09-24,1992,4,Kamp Krusty
65,1293.0,6,65,1992-11-03,1992,4,Itchy & Scratchy: The Movie
69,1350.0,10,69,1992-12-03,1992,4,Lisa's First Word
72,1153.0,13,72,1993-01-21,1993,4,Selma's Choice
7,1638.0,7,7,1990-02-18,1990,1,The Call of the Simpsons
24,1687.0,11,24,1991-01-24,1991,2,"One Fish, Two Fish, Blowfish, Blue Fish"
80,1080.0,21,80,1993-05-06,1993,4,Marge in Chains
82,1416.0,1,82,1993-09-30,1993,5,Homer's Barbershop Quartet
84,1476.0,3,84,1993-10-14,1993,5,Homer Goes to College
87,1132.0,6,87,1993-11-04,1993,5,Marge on the Lam
89,1270.0,8,89,1993-11-18,1993,5,Boy-Scoutz 'n the Hood
92,1202.0,11,92,1994-01-06,1994,5,Homer the Vigilante
93,1123.0,12,93,1994-02-03,1994,5,Bart Gets Famous
95,1187.0,14,95,1994-02-17,1994,5,Lisa vs. Malibu Stacy
98,1116.0,17,98,1994-03-31,1994,5,Bart Gets an Elephant
102,1014.0,21,102,1994-05-12,1994,5,Lady Bouvier's Lover
104,1330.0,1,104,1994-09-04,1994,6,Bart of Darkness
107,1277.0,4,107,1994-10-02,1994,6,Itchy & Scratchy Land
111,1236.0,8,111,1994-11-13,1994,6,Lisa on Ice
114,1100.0,11,114,1994-12-18,1994,6,Fear of Flying
116,1284.0,13,116,1995-01-22,1995,6,And Maggie Makes Three
118,1254.0,15,118,1995-02-12,1995,6,Homie the Clown
120,1006.0,17,120,1995-02-26,1995,6,Homer vs. Patty and Selma
123,1051.0,20,123,1995-04-09,1995,6,Two Dozen and One Greyhounds
125,1084.0,22,125,1995-04-30,1995,6,'Round Springfield
127,1285.0,24,127,1995-05-14,1995,6,Lemon of Troy
130,1172.0,2,130,1995-09-24,1995,7,Radioactive Man
132,1354.0,4,132,1995-10-08,1995,7,Bart Sells His Soul
134,1304.0,6,134,1995-10-29,1995,7,Treehouse of Horror VI
139,1146.0,11,139,1995-12-17,1995,7,Marge Be Not Proud
140,1064.0,12,140,1996-01-07,1996,7,Team Homer
143,954.0,15,143,1996-02-11,1996,7,Bart the Fink
67,1240.0,8,67,1992-11-12,1992,4,New Kid on the Block
149,1393.0,21,149,1996-04-14,1996,7,22 Short Films About Springfield
151,995.0,23,151,1996-05-05,1996,7,Much Apu About Nothing
153,1119.0,25,153,1996-05-19,1996,7,Summer of 4 Ft. 2
157,1079.0,4,157,1996-11-17,1996,8,"Burns, Baby Burns"
160,1005.0,7,160,1996-12-15,1996,8,Lisa's Date with Density
163,1793.0,10,163,1997-01-12,1997,8,The Springfield Files
164,998.0,11,164,1997-01-19,1997,8,The Twisted World of Marge Simpson
167,1079.0,14,167,1997-02-09,1997,8,The Itchy & Scratchy & Poochie Show
168,1666.0,15,168,1997-02-16,1997,8,Homer's Phobia
171,1330.0,18,171,1997-03-16,1997,8,Homer vs. the Eighteenth Amendment
173,913.0,20,173,1997-04-13,1997,8,The Canine Mutiny
175,973.0,22,175,1997-04-27,1997,8,In Marge We Trust
178,967.0,25,178,1997-05-18,1997,8,The Secret War of Lisa Simpson
180,1158.0,2,180,1997-09-28,1997,9,The Principal and the Pauper
184,925.0,6,184,1997-11-09,1997,9,Bart Star
186,978.0,8,186,1997-11-23,1997,9,Lisa the Skeptic
189,1119.0,11,189,1998-01-04,1998,9,"All Singing, All Dancing"
191,1042.0,13,191,1998-02-08,1998,9,The Joy of Sect
196,906.0,18,196,1998-03-22,1998,9,This Little Wiggy
198,949.0,20,198,1998-04-05,1998,9,The Trouble with Trillions
200,1108.0,22,200,1998-04-26,1998,9,Trash of the Titans
203,931.0,25,203,1998-05-17,1998,9,Natural Born Kissers
205,988.0,2,205,1998-09-20,1998,10,The Wizard of Evergreen Terrace
207,1013.0,4,207,1998-10-25,1998,10,Treehouse of Horror IX
212,975.0,9,212,1998-12-20,1998,10,Mayored to the Mob
214,834.0,11,214,1999-01-17,1999,10,Wild Barts Can't Be Broken
219,795.0,16,219,1999-02-28,1999,10,Make Room for Lisa
222,831.0,19,222,1999-04-11,1999,10,Mom and Pop Art
224,789.0,21,224,1999-05-02,1999,10,Monty Can't Buy Me Love
226,964.0,23,226,1999-05-16,1999,10,Thirty Minutes over Tokyo
229,797.0,3,229,1999-10-24,1999,11,Guess Who's Coming to Criticize Dinner?
231,817.0,5,231,1999-11-07,1999,11,E-I-E-I-(Annoyed Grunt)
233,747.0,7,233,1999-11-21,1999,11,Eight Misbehavin'
238,747.0,12,238,2000-01-23,2000,11,The Mansion Family
240,887.0,14,240,2000-02-13,2000,11,"Alone Again, Natura-diddily"
242,755.0,16,242,2000-02-27,2000,11,Pygmoelian
245,805.0,19,245,2000-04-30,2000,11,Kill the Alligator and Run
247,737.0,21,247,2000-05-14,2000,11,"It's a Mad, Mad, Mad, Mad Marge"
249,829.0,1,249,2000-11-01,2000,12,Treehouse of Horror XI
251,733.0,3,251,2000-11-12,2000,12,Insane Clown Poppy
254,782.0,6,254,2000-12-03,2000,12,The Computer Wore Menace Shoes
258,760.0,10,258,2001-01-14,2001,12,Pokey Mom
261,668.0,13,261,2001-02-18,2001,12,Day of the Jackanapes
263,731.0,15,263,2001-03-04,2001,12,"Hungry, Hungry Homer"
265,719.0,17,265,2001-04-01,2001,12,Simpson Safari
268,666.0,20,268,2001-05-13,2001,12,Children of a Lesser Clod
270,824.0,1,270,2001-11-06,2001,13,Treehouse of Horror XII
272,698.0,3,272,2001-11-18,2001,13,Homer the Moe
274,716.0,5,274,2001-12-09,2001,13,The Blunder Years
279,683.0,10,279,2002-02-10,2002,13,Half-Decent Proposal
281,656.0,12,281,2002-02-24,2002,13,The Lastest Gun in the West
284,670.0,15,284,2002-03-31,2002,13,Blame It on Lisa
286,721.0,17,286,2002-04-21,2002,13,Gump Roast
70,1445.0,11,70,1992-12-17,1992,4,Homer's Triple Bypass
294,645.0,3,294,2002-11-17,2002,14,Bart vs. Lisa vs. the Third Grade
297,628.0,6,297,2002-12-15,2002,14,The Great Louse Detective
299,598.0,8,299,2003-01-12,2003,14,The Dad Who Knew Too Little
301,598.0,10,301,2003-02-09,2003,14,Pray Anything
306,557.0,15,306,2003-03-16,2003,14,C.E.D'oh
308,649.0,17,308,2003-04-13,2003,14,Three Gays of the Condo
311,570.0,20,311,2003-05-11,2003,14,"Brake My Wife, Please"
313,697.0,22,313,2003-05-18,2003,14,Moe Baby Blues
315,595.0,2,315,2003-11-09,2003,15,My Mother the Carjacker
318,586.0,5,318,2003-11-30,2003,15,The Fat and the Furriest
320,588.0,7,320,2003-12-14,2003,15,'Tis the Fifteenth Season
322,607.0,9,322,2004-01-11,2004,15,"I, (Annoyed Grunt)-bot"
326,589.0,13,326,2004-02-22,2004,15,Smart & Smarter
328,560.0,15,328,2004-03-21,2004,15,Co-Dependents' Day
331,609.0,18,331,2004-04-25,2004,15,Catch 'Em If You Can
333,587.0,20,333,2004-05-09,2004,15,The Way We Weren't
335,553.0,22,335,2004-05-23,2004,15,Fraudcast News
338,556.0,3,338,2004-11-21,2004,16,Sleeping with the Enemy
340,539.0,5,340,2004-12-12,2004,16,Fat Man and Little Boy
342,523.0,7,342,2005-01-30,2005,16,Mommie Beerest
345,580.0,10,345,2005-02-20,2005,16,There's Something About Marrying
347,586.0,12,347,2005-03-13,2005,16,Goo Goo Gai Pan
349,535.0,14,349,2005-04-03,2005,16,The Seven-Beer Snitch
352,562.0,17,352,2005-05-01,2005,16,The Heartbroke Kid
354,575.0,19,354,2005-05-08,2005,16,Thank God It's Doomsday
357,618.0,1,357,2005-09-11,2005,17,The Bonfire of the Manatees
75,1209.0,16,75,1993-02-18,1993,4,Duffless
363,560.0,7,363,2005-11-27,2005,17,The Last of the Red Hat Mamas
365,553.0,9,365,2005-12-18,2005,17,Simpsons Christmas Stories
368,597.0,12,368,2006-02-26,2006,17,My Fair Laddy
370,558.0,14,370,2006-03-19,2006,17,Bart Has Two Mommies
372,577.0,16,372,2006-04-02,2006,17,Million-Dollar Abie
376,558.0,20,376,2006-05-07,2006,17,Regarding Margie
379,754.0,1,379,2006-09-10,2006,18,"The Mook, the Chef, the Wife and Her Homer"
381,623.0,3,381,2006-09-24,2006,18,"Please Homer, Don't Hammer 'Em"
383,656.0,5,383,2006-11-12,2006,18,G.I. (Annoyed Grunt)
385,603.0,7,385,2006-11-26,2006,18,Ice Cream of Margie (with the Light Blue Hair)
387,624.0,9,387,2006-12-17,2006,18,"Kill Gil, Volumes I & II"
390,672.0,12,390,2007-02-11,2007,18,Little Big Girl
392,644.0,14,392,2007-03-04,2007,18,Yokel Chords
394,610.0,16,394,2007-03-25,2007,18,Homerazzi
397,542.0,19,397,2007-05-06,2007,18,Crook and Ladder
399,1179.0,21,399,2007-05-20,2007,18,24 Minutes
402,684.0,2,402,2007-09-30,2007,19,The Homer of Seville
406,591.0,6,406,2007-11-11,2007,19,Little Orphan Millie
408,673.0,8,408,2007-11-25,2007,19,Funeral for a Fiend
410,633.0,10,410,2008-01-06,2008,19,E Pluribus Wiggum
413,788.0,13,413,2008-03-02,2008,19,The Debarted
415,580.0,15,415,2008-03-30,2008,19,Smoke on the Daughter
417,601.0,17,417,2008-04-27,2008,19,Apocalypse Cow
419,613.0,19,419,2008-05-11,2008,19,Mona Leaves-a
422,681.0,2,422,2008-10-05,2008,20,Lost Verizon
424,757.0,4,424,2008-11-02,2008,20,Treehouse of Horror XIX
77,1105.0,18,77,1993-04-01,1993,4,So It's Come to This: A Simpsons Clip Show
433,652.0,13,433,2009-03-15,2009,20,Gone Maggie Gone
438,554.0,18,438,2009-04-26,2009,20,Father Knows Worst
440,591.0,20,440,2009-05-10,2009,20,Four Great Women and a Manicure
442,698.0,1,442,2009-09-27,2009,21,Homer the Whopper
448,529.0,7,448,2009-11-29,2009,21,Rednecks and Broomsticks
450,481.0,9,450,2010-01-03,2010,21,Thursdays with Abie
452,532.0,11,452,2010-01-31,2010,21,Million Dollar Maybe
455,480.0,14,455,2010-03-14,2010,21,Postcards from the Wedge
457,675.0,16,457,2010-03-28,2010,21,The Greatest Story Ever D'ohed
462,491.0,21,462,2010-05-09,2010,21,Moe Letter Blues
464,507.0,23,464,2010-05-23,2010,21,Judge Me Tender
466,506.0,2,466,2010-10-03,2010,22,Loan-a Lisa
469,482.0,5,469,2010-11-14,2010,22,"Lisa Simpson, This Isn't Your Life"
472,564.0,8,472,2010-12-05,2010,22,The Fight Before Christmas
473,528.0,9,473,2010-12-12,2010,22,Donnie Fatso
476,486.0,12,476,2011-01-23,2011,22,Homer the Father
478,559.0,14,478,2011-02-20,2011,22,Angry Dad: The Movie
480,481.0,16,480,2011-03-13,2011,22,A Midsummer's Nice Dream
482,491.0,18,482,2011-04-10,2011,22,The Great Simpsina
485,505.0,21,485,2011-05-15,2011,22,500 Keys
487,672.0,1,487,2011-09-25,2011,23,The Falcon and the D'ohman
489,654.0,3,489,2011-10-30,2011,23,Treehouse of Horror XXII
491,562.0,5,491,2011-11-13,2011,23,The Food Wife
494,476.0,8,494,2011-12-04,2011,23,The Ten-Per-Cent Solution
496,549.0,10,496,2012-01-08,2012,23,"Politically Inept, with Homer Simpson"
498,562.0,12,498,2012-01-29,2012,23,Moe Goes from Rags to Riches
447,543.0,6,447,2009-11-22,2009,21,Pranks and Greens
91,1274.0,10,91,1993-12-16,1993,5,"$pringfield (or, How I Learned to Stop Worrying and Love Legalized Gambling)"
504,470.0,18,504,2012-04-15,2012,23,Beware My Cheating Bart
506,405.0,20,506,2012-05-06,2012,23,The Spy Who Learned Me
508,1215.0,22,508,2012-05-20,2012,23,Lisa Goes Gaga
513,426.0,5,513,2012-11-18,2012,24,Penny-Wiseguys
516,441.0,8,516,2012-12-16,2012,24,To Cur with Love
518,408.0,10,518,2013-01-13,2013,24,A Test Before Trying
520,471.0,12,520,2013-02-10,2013,24,Love is a Many-Splintered Thing
522,423.0,14,522,2013-03-03,2013,24,Gorgeous Grampa
525,425.0,17,525,2013-04-14,2013,24,What Animated Women Want
527,371.0,19,527,2013-05-05,2013,24,Whiskey Business
531,635.0,1,531,2013-09-29,2013,25,Homerland
534,489.0,4,534,2013-11-10,2013,25,YOLO
536,468.0,6,536,2013-11-24,2013,25,The Kid Is All Right
538,449.0,8,538,2013-12-15,2013,25,White Christmas Blues
541,431.0,11,541,2014-01-26,2014,25,Specs and the City
543,468.0,13,543,2014-03-09,2014,25,The Man Who Grew Too Much
545,414.0,15,545,2014-03-23,2014,25,The War of Art
547,415.0,17,547,2014-04-06,2014,25,Luca$
550,705.0,20,550,2014-05-04,2014,25,Brick Like Me
552,416.0,22,552,2014-05-18,2014,25,The Yellow Badge of Cowardge
554,490.0,2,554,2014-10-05,2014,26,The Wreck of the Relationship
557,442.0,5,557,2014-11-02,2014,26,Opposites A-Frack
559,456.0,7,559,2014-11-16,2014,26,Blazed and Confused
562,578.0,10,562,2015-01-04,2015,26,The Man Who Came to Be Dinner
564,439.0,12,564,2015-01-25,2015,26,The Musk Who Fell to Earth
570,334.0,18,570,2015-04-19,2015,26,Peeping Mom
9,1578.0,9,9,1990-03-18,1990,1,Life on the Fast Lane
11,1539.0,11,11,1990-04-15,1990,1,The Crepes of Wrath
13,1567.0,13,13,1990-05-13,1990,1,Some Enchanted Evening
15,1588.0,2,15,1990-10-18,1990,2,Simpson and Delilah
16,1786.0,3,16,1990-10-25,1990,2,Treehouse of Horror
18,1381.0,5,18,1990-11-08,1990,2,Dancin' Homer
20,1324.0,7,20,1990-11-22,1990,2,Bart vs. Thanksgiving
22,1402.0,9,22,1990-12-20,1990,2,Itchy & Scratchy & Marge
25,1392.0,12,25,1991-01-31,1991,2,The Way We Was
27,1241.0,14,27,1991-02-14,1991,2,Principal Charming
29,1264.0,16,29,1991-03-07,1991,2,"Bart's Dog Gets an ""F"""
33,1246.0,20,33,1991-05-02,1991,2,The War of the Simpsons
573,335.0,21,573,2015-05-10,2015,26,Bull-E
576,395.0,2,576,2015-10-04,2015,27,Cue Detective
580,335.0,6,580,2015-11-08,2015,27,Friend with Benefit
583,698.0,9,583,2015-12-13,2015,27,Barthood
585,309.0,11,585,2016-01-10,2016,27,Teenage Mutant Milk-Caused Hurdles
598,,2,598,2016-10-02,2016,28,"Friends and Family""[203]"
599,,3,599,2016-10-09,2016,28,"The Town""[205]"
600,,4,600,2016-10-16,2016,28,"Treehouse of Horror XXVII""[207]"
588,293.0,14,588,2016-02-21,2016,27,Gal of Constant Sorrow
590,262.0,16,590,2016-03-13,2016,27,The Marge-ian Chronicles
593,229.0,19,593,2016-04-24,2016,27,Fland Canyon
595,227.0,21,595,2016-05-15,2016,27,Simprovised
1,3734.0,1,1,1989-12-17,1989,1,Simpsons Roasting on an Open Fire
2,1973.0,2,2,1990-01-14,1990,1,Bart the Genius
4,1701.0,4,4,1990-01-28,1990,1,There's No Disgrace Like Home
6,1674.0,6,6,1990-02-11,1990,1,Moaning Lisa
8,1580.0,8,8,1990-02-25,1990,1,The Telltale Head
34,1379.0,21,34,1991-05-09,1991,2,Three Men and a Comic Book
36,1798.0,1,36,1991-09-19,1991,3,Stark Raving Dad
38,1302.0,3,38,1991-10-03,1991,3,When Flanders Failed
40,1452.0,5,40,1991-10-17,1991,3,Homer Defined
78,1122.0,19,78,1993-04-15,1993,4,The Front
73,1176.0,14,73,1993-02-04,1993,4,Brother from the Same Planet
86,1437.0,5,86,1993-10-28,1993,5,Treehouse of Horror IV
71,2028.0,12,71,1993-01-14,1993,4,Marge vs. the Monorail
74,1268.0,15,74,1993-02-11,1993,4,I Love Lisa
90,1308.0,9,90,1993-12-09,1993,5,The Last Temptation of Homer
54,1165.0,19,54,1992-03-12,1992,3,Dog of Death
42,1369.0,7,42,1991-10-31,1991,3,Treehouse of Horror II
43,1243.0,8,43,1991-11-07,1991,3,Lisa's Pony
66,1163.0,7,66,1992-11-05,1992,4,Marge Gets a Job
47,1213.0,12,47,1991-12-26,1991,3,I Married Marge
76,1827.0,17,76,1993-03-11,1993,4,Last Exit to Springfield
49,1179.0,14,49,1992-01-23,1992,3,Lisa the Greek
57,1176.0,22,57,1992-04-23,1992,3,The Otto Show
85,1479.0,4,85,1993-10-21,1993,5,Rosebud
50,1176.0,15,50,1992-02-06,1992,3,Homer Alone
52,1637.0,17,52,1992-02-20,1992,3,Homer at the Bat
79,1234.0,20,79,1993-04-29,1993,4,Whacking Day
63,1194.0,4,63,1992-10-15,1992,4,Lisa the Beauty Queen
81,1269.0,22,81,1993-05-13,1993,4,Krusty Gets Kancelled
56,1233.0,21,56,1992-04-09,1992,3,Black Widower
61,1339.0,2,61,1992-10-01,1992,4,A Streetcar Named Marge
64,1394.0,5,64,1992-10-29,1992,4,Treehouse of Horror III
68,1595.0,9,68,1992-11-19,1992,4,Mr. Plow
94,1171.0,13,94,1994-02-10,1994,5,Homer and Apu
97,1191.0,16,97,1994-03-17,1994,5,Homer Loves Flanders
99,1143.0,18,99,1994-04-14,1994,5,Burns' Heir
137,1023.0,9,137,1995-11-26,1995,7,Sideshow Bob's Last Gleaming
113,1060.0,10,113,1994-12-04,1994,6,Grampa vs. Sexual Inadequacy
147,1103.0,19,147,1996-03-24,1996,7,A Fish Called Selma
117,1221.0,14,117,1995-02-05,1995,6,Bart's Comet
131,1088.0,3,131,1995-10-01,1995,7,Home Sweet Homediddly-Dum-Doodily
142,962.0,14,142,1996-02-04,1996,7,Scenes from the Class Struggle in Springfield
119,1353.0,16,119,1995-02-19,1995,6,Bart vs. Australia
135,1633.0,7,135,1995-11-05,1995,7,King-Size Homer
103,1060.0,22,103,1994-05-19,1994,5,Secrets of a Successful Marriage
105,1156.0,2,105,1994-09-11,1994,6,Lisa's Rival
121,1223.0,18,121,1995-03-05,1995,6,A Star Is Burns
122,1190.0,19,122,1995-03-19,1995,6,Lisa's Wedding
106,1051.0,3,106,1994-09-25,1994,6,Another Simpsons Clip Show
133,1288.0,5,133,1995-10-15,1995,7,Lisa the Vegetarian
124,1004.0,21,124,1995-04-16,1995,6,The PTA Disbands
108,1142.0,5,108,1994-10-09,1994,6,Sideshow Bob Roberts
110,1150.0,7,110,1994-11-06,1994,6,Bart's Girlfriend
129,1497.0,1,129,1995-09-17,1995,7,Who Shot Mr. Burns? (Part Two)
126,1003.0,23,126,1995-05-07,1995,6,The Springfield Connection
145,1609.0,17,145,1996-02-25,1996,7,Homer the Smithers
112,1655.0,9,112,1994-11-27,1994,6,Homer Badman
115,1457.0,12,115,1995-01-08,1995,6,Homer the Great
138,1038.0,10,138,1995-12-03,1995,7,The Simpsons 138th Episode Spectacular
141,1264.0,13,141,1996-01-14,1996,7,Two Bad Neighbors
144,1039.0,16,144,1996-02-18,1996,7,Lisa the Iconoclast
136,1226.0,8,136,1995-11-19,1995,7,Mother Simpson
150,1122.0,22,150,1996-04-28,1996,7,"Raging Abe Simpson and His Grumbling Grandson in ""The Curse of the Flying Hellfish"""
152,1095.0,24,152,1996-05-19,1996,7,Homerpalooza
181,980.0,3,181,1997-10-19,1997,9,Lisa's Sax
166,1088.0,13,166,1997-02-07,1997,8,Simpsoncalifragilisticexpiala(Annoyed Grunt)cious
154,1186.0,1,154,1996-10-27,1996,8,Treehouse of Horror VII
169,1100.0,16,169,1997-02-23,1997,8,Brother from Another Series
156,1085.0,3,156,1996-11-10,1996,8,The Homer They Fall
158,1098.0,5,158,1996-11-24,1996,8,Bart After Dark
202,880.0,24,202,1998-05-10,1998,9,Lost Our Lisa
199,905.0,21,199,1998-04-19,1998,9,Girly Edition
187,888.0,9,187,1997-12-07,1997,9,Realty Bites
174,967.0,21,174,1997-04-20,1997,8,The Old Man and the Lisa
159,1008.0,6,159,1996-12-01,1996,8,A Milhouse Divided
170,1020.0,17,170,1997-03-02,1997,8,"My Sister, My Sitter"
193,878.0,15,193,1998-02-22,1998,9,The Last Temptation of Krust
183,1081.0,5,183,1997-11-02,1997,9,The Cartridge Family
172,995.0,19,172,1997-04-06,1997,8,Grade School Confidential
161,1268.0,8,161,1996-12-29,1996,8,Hurricane Neddy
197,1026.0,19,197,1998-03-29,1998,9,Simpson Tide
177,1006.0,24,177,1997-05-11,1997,8,The Simpsons Spin-Off Showcase
179,1918.0,1,179,1997-09-21,1997,9,The City of New York vs. Homer Simpson
188,958.0,10,188,1997-12-21,1997,9,Miracle on Evergreen Terrace
201,962.0,23,201,1998-05-03,1998,9,King of the Hill
192,1036.0,14,192,1998-02-15,1998,9,Das Bus
204,932.0,1,204,1998-08-23,1998,10,Lard of the Dance
190,938.0,12,190,1998-01-11,1998,9,Bart Carny
195,957.0,17,195,1998-03-08,1998,9,Lisa the Simpson
146,1016.0,18,146,1996-03-17,1996,7,The Day the Violence Died
208,934.0,5,208,1998-11-08,1998,10,When You Dish Upon a Star
210,909.0,7,210,1998-11-22,1998,10,"Lisa Gets an ""A"""
211,863.0,8,211,1998-12-06,1998,10,"Homer Simpson in: ""Kidney Trouble"""
252,731.0,4,252,2000-11-19,2000,12,Lisa the Tree Hugger
215,880.0,12,215,1999-01-31,1999,10,"Sunday, Cruddy Sunday"
220,843.0,17,220,1999-03-28,1999,10,Maximum Homerdrive
232,759.0,6,232,1999-11-14,1999,11,"Hello Gutter, Hello Fadder"
221,851.0,18,221,1999-04-04,1999,10,Simpsons Bible Stories
260,730.0,12,260,2001-02-11,2001,12,Tennis the Menace
213,928.0,10,213,1999-01-10,1999,10,Viva Ned Flanders
230,876.0,4,230,1999-10-31,1999,11,Treehouse of Horror X
246,716.0,20,246,2000-05-07,2000,11,Last Tap Dance in Springfield
228,776.0,2,228,1999-10-03,1999,11,Brother's Little Helper
223,779.0,20,223,1999-04-25,1999,10,"The Old Man and the ""C"" Student"
243,780.0,17,243,2000-03-19,2000,11,Bart to the Future
227,917.0,1,227,1999-09-26,1999,11,Beyond Blunderdome
225,804.0,22,225,1999-05-09,1999,10,They Saved Lisa's Brain
216,882.0,13,216,1999-02-07,1999,10,Homer to the Max
234,775.0,8,234,1999-11-28,1999,11,"Take My Wife, Sleaze"
236,715.0,10,236,2000-01-09,2000,11,Little Big Mom
237,734.0,11,237,2000-01-16,2000,11,Faith Off
259,761.0,11,259,2001-02-04,2001,12,Worst Episode Ever
239,822.0,13,239,2000-02-06,2000,11,Saddlesore Galactica
248,955.0,22,248,2000-05-21,2000,11,Behind the Laughter
255,766.0,7,255,2000-12-10,2000,12,The Great Money Caper
241,777.0,15,241,2000-02-20,2000,11,Missionary: Impossible
244,724.0,18,244,2000-04-09,2000,11,Days of Wine and D'oh'ses
148,1110.0,20,148,1996-03-31,1996,7,Bart on the Road
264,691.0,16,264,2001-03-11,2001,12,"Bye, Bye, Nerdie"
267,721.0,19,267,2001-05-06,2001,12,I'm Goin' to Praiseland
269,688.0,21,269,2001-05-20,2001,12,Simpsons Tall Tales
287,704.0,18,287,2002-04-28,2002,13,I Am Furious (Yellow)
288,598.0,19,288,2002-05-05,2002,13,The Sweetest Apu
316,631.0,3,316,2003-11-16,2003,15,The President Wore Pearls
271,674.0,2,271,2001-11-11,2001,13,The Parent Rap
285,765.0,16,285,2002-04-07,2002,13,Weekend at Burnsie's
295,704.0,4,295,2002-11-24,2002,14,Large Marge
280,621.0,11,280,2002-02-17,2002,13,The Bart Wants What It Wants
305,577.0,14,305,2003-03-09,2003,14,Mr. Spritz Goes to Washington
273,651.0,4,273,2001-12-02,2001,13,A Hunka Hunka Burns in Love
293,713.0,2,293,2002-11-10,2002,14,How I Spent My Strummer Vacation
275,692.0,6,275,2001-12-16,2001,13,She of Little Faith
296,633.0,5,296,2002-12-01,2002,14,Helter Shelter
283,630.0,14,283,2002-03-17,2002,13,Tales from the Public Domain
300,644.0,9,300,2003-02-02,2003,14,The Strong Arms of the Ma
276,649.0,7,276,2002-01-06,2002,13,Brawl in the Family
278,642.0,9,278,2002-01-27,2002,13,Jaws Wired Shut
289,613.0,20,289,2002-05-12,2002,13,Little Girl in the Big Ten
310,574.0,19,310,2003-05-04,2003,14,Old Yeller-Belly
298,593.0,7,298,2003-01-05,2003,14,Special Edna
302,650.0,11,302,2003-02-16,2003,14,Barting Over
309,651.0,18,309,2003-04-27,2003,14,"Dude, Where's My Ranch?"
312,575.0,21,312,2003-05-18,2003,14,The Bart of War
314,738.0,1,314,2003-11-02,2003,15,Treehouse of Horror XIV
165,1137.0,12,165,1997-02-02,1997,8,Mountain of Madness
319,576.0,6,319,2003-12-07,2003,15,Today I Am a Clown
321,589.0,8,321,2004-01-04,2004,15,"Marge vs. Singles, Seniors, Childless Couples and Teens and Gays"
323,596.0,10,323,2004-01-25,2004,15,Diatribe of a Mad Housewife
337,566.0,2,337,2004-11-14,2004,16,All's Fair in Oven War
334,593.0,21,334,2004-05-16,2004,15,Bart-Mangled Banner
353,554.0,18,353,2005-05-08,2005,16,A Star Is Torn
362,543.0,6,362,2005-11-20,2005,17,See Homer Run
325,583.0,12,325,2004-02-15,2004,15,Milhouse Doesn't Live Here Anymore
327,568.0,14,327,2004-03-14,2004,15,The Ziff Who Came to Dinner
343,582.0,8,343,2005-02-06,2005,16,Homer and Ned's Hail Mary Pass
358,585.0,2,358,2005-09-18,2005,17,The Girl Who Slept Too Little
329,599.0,16,329,2004-03-28,2004,15,The Wandering Juvie
359,558.0,3,359,2005-09-25,2005,17,Milhouse of Sand and Fog
360,646.0,4,360,2005-11-06,2005,17,Treehouse of Horror XVI
366,554.0,10,366,2006-01-08,2006,17,Homer's Paternity Coot
339,562.0,4,339,2004-12-05,2004,16,She Used to Be My Girl
330,560.0,17,330,2004-04-18,2004,15,My Big Fat Geek Wedding
350,615.0,15,350,2005-04-17,2005,16,Future-Drama
364,706.0,8,364,2005-12-11,2005,17,The Italian Bob
332,600.0,19,332,2004-05-02,2004,15,Simple Simpson
367,535.0,11,367,2006-01-29,2006,17,We're on the Road to D'ohwhere
346,572.0,11,346,2005-03-06,2005,16,On a Clear Day I Can't See My Sister
355,546.0,20,355,2005-05-15,2005,16,Home Away from Homer
336,666.0,1,336,2004-11-07,2004,16,Treehouse of Horror XV
341,554.0,6,341,2005-01-16,2005,16,Midnight Rx
344,607.0,9,344,2005-02-13,2005,16,Pranksta Rap
194,887.0,16,194,1998-03-01,1998,9,Dumbbell Indemnity
375,582.0,19,375,2006-04-30,2006,17,Girls Just Want to Have Sums
377,596.0,21,377,2006-05-14,2006,17,The Monkey Suit
396,585.0,18,396,2007-04-29,2007,18,The Boys of Bummer
405,687.0,5,405,2007-11-04,2007,19,Treehouse of Horror XVIII
393,606.0,15,393,2007-03-11,2007,18,Rome-Old and Juli-Eh
416,585.0,16,416,2008-04-13,2008,19,Papa Don't Leech
378,587.0,22,378,2006-05-21,2006,17,Marge and Homer Turn a Couple Play
388,615.0,10,388,2007-01-07,2007,18,The Wife Aquatic
423,638.0,3,423,2008-10-19,2008,20,"Double, Double, Boy in Trouble"
382,723.0,4,382,2006-11-05,2006,18,Treehouse of Horror XVII
411,1069.0,11,411,2008-01-27,2008,19,That '90s Show
428,615.0,8,428,2008-12-07,2008,20,The Burns and the Bees
384,605.0,6,384,2006-11-19,2006,18,Moe'N'a Lisa
386,578.0,8,386,2006-12-10,2006,18,The Haw-Hawed Couple
407,762.0,7,407,2007-11-18,2007,19,Husbands and Knives
420,538.0,20,420,2008-05-18,2008,19,All About Lisa
400,692.0,22,400,2007-05-20,2007,18,You Kent Always Say What You Want
425,615.0,5,425,2008-11-09,2008,20,Dangerous Curves
391,617.0,13,391,2007-02-18,2007,18,Springfield Up
389,580.0,11,389,2007-01-28,2007,18,Revenge Is a Dish Best Served Three Times
395,678.0,17,395,2007-04-22,2007,18,Marge Gamer
398,569.0,20,398,2007-05-13,2007,18,Stop! Or My Dog Will Shoot
414,626.0,14,414,2008-03-09,2008,19,Dial 'N' for Nerder
412,636.0,12,412,2008-02-17,2008,19,"Love, Springfieldian Style"
427,728.0,7,427,2008-11-30,2008,20,MyPods and Boomsticks
421,780.0,1,421,2008-09-28,2008,20,"Sex, Pies and Idiot Scrapes"
418,585.0,18,418,2008-05-04,2008,19,Any Given Sundance
206,899.0,3,206,1998-09-27,1998,10,Bart the Mother
430,591.0,10,430,2009-02-15,2009,20,"Take My Life, Please"
432,582.0,12,432,2009-03-08,2009,20,"No Loan Again, Naturally"
465,691.0,1,465,2010-09-26,2010,22,Elementary School Musical
439,613.0,19,439,2009-05-03,2009,20,"Waverly Hills, 9-0-2-1-D'oh"
463,545.0,22,463,2010-05-16,2010,21,The Bob Next Door
437,605.0,17,437,2009-04-19,2009,20,"The Good, the Sad and the Drugly"
451,552.0,10,451,2010-01-10,2010,21,Once Upon a Time in Springfield
443,585.0,2,443,2009-10-04,2009,21,Bart Gets a 'Z'
436,604.0,16,436,2009-04-05,2009,20,Eeny Teeny Maya Moe
459,482.0,18,459,2010-04-18,2010,21,Chief of Hearts
444,562.0,3,444,2009-10-11,2009,21,The Great Wife Hope
461,519.0,20,461,2010-05-02,2010,21,To Surveil with Love
479,489.0,15,479,2011-03-06,2011,22,The Scorpion's Tale
477,461.0,13,477,2011-02-13,2011,22,The Blue and the Gray
454,496.0,13,454,2010-02-21,2010,21,The Color Yellow
470,479.0,6,470,2010-11-21,2010,22,The Fool Monty
449,542.0,8,449,2009-12-13,2009,21,"O Brother, Where Bart Thou?"
453,525.0,12,453,2010-02-14,2010,21,Boy Meets Curl
481,470.0,17,481,2011-03-27,2011,22,Love Is a Many Strangled Thing
446,560.0,5,446,2009-11-15,2009,21,The Devil Wears Nada
484,483.0,20,484,2011-05-08,2011,22,Homer Scissorhands
456,554.0,15,456,2010-03-21,2010,21,Stealing First Base
471,489.0,7,471,2010-11-28,2010,22,How Munched is That Birdie in the Window?
483,486.0,19,483,2011-05-01,2011,22,The Real Housewives of Fat Tony
474,464.0,10,474,2011-01-09,2011,22,Moms I'd Like to Forget
467,501.0,3,467,2010-10-10,2010,22,MoneyBart
475,520.0,11,475,2011-01-16,2011,22,Flaming Moe
217,815.0,14,217,1999-02-14,1999,10,I'm with Cupid
488,528.0,2,488,2011-10-02,2011,23,Bart Stops to Smell the Roosevelts
490,491.0,4,490,2011-11-06,2011,23,Replaceable You
497,553.0,11,497,2012-01-15,2012,23,The D'oh-cial Network
540,475.0,10,540,2014-01-12,2014,25,Married to the Blob
507,408.0,21,507,2012-05-13,2012,23,Ned 'n Edna's Blend
512,415.0,4,512,2012-11-11,2012,24,Gone Abie Gone
517,411.0,9,517,2013-01-06,2013,24,Homer Goes to Prep School
533,482.0,3,533,2013-11-03,2013,25,Four Regrettings and a Funeral
537,440.0,7,537,2013-12-08,2013,25,Yellow Subterfuge
505,568.0,19,505,2012-04-29,2012,23,A Totally Fun Thing That Bart Will Never Do Again
492,712.0,6,492,2011-11-20,2011,23,The Book Job
499,490.0,13,499,2012-02-12,2012,23,The Daughter Also Rises
539,648.0,9,539,2014-01-05,2014,25,Steal This Episode
501,425.0,15,501,2012-03-04,2012,23,Exit Through the Kwik-E-Mart
523,418.0,15,523,2013-03-10,2013,24,"Black Eyed, Please"
503,493.0,17,503,2012-03-18,2012,23,"Them, Robot"
532,654.0,2,532,2013-10-06,2013,25,Treehouse of Horror XXIV
526,405.0,18,526,2013-04-28,2013,24,Pulpit Friction
519,405.0,11,519,2013-01-27,2013,24,The Changing of the Guardian
509,597.0,1,509,2012-09-30,2012,24,Moonshine River
514,430.0,6,514,2012-11-25,2012,24,A Tree Grows in Springfield
510,600.0,2,510,2012-10-07,2012,24,Treehouse of Horror XXIII
515,493.0,7,515,2012-12-09,2012,24,The Day the Earth Stood Cool
521,406.0,13,521,2013-02-17,2013,24,Hardly Kirk-ing
528,410.0,20,528,2013-05-12,2013,24,The Fabulous Faker Boy
535,442.0,5,535,2013-11-17,2013,25,Labor Pains
530,396.0,22,530,2013-05-19,2013,24,Dangers on a Train
218,831.0,15,218,1999-02-21,1999,10,"Marge Simpson in: ""Screaming Yellow Honkers"""
544,407.0,14,544,2014-03-16,2014,25,The Winter of His Content
549,445.0,19,549,2014-04-27,2014,25,What to Expect When Bart's Expecting
560,431.0,8,560,2014-11-23,2014,26,Covercraft
565,377.0,13,565,2015-02-08,2015,26,Walking Big & Tall
579,385.0,5,579,2015-10-25,2015,27,Treehouse of Horror XXVI
584,356.0,10,584,2016-01-03,2016,27,The Girl Code
551,402.0,21,551,2014-05-11,2014,25,Pay Pal
575,532.0,1,575,2015-09-27,2015,27,Every Man's Dream
572,330.0,20,572,2015-05-03,2015,26,Let's Go Fly a Coot
569,374.0,17,569,2015-03-15,2015,26,Waiting for Duffman
581,328.0,7,581,2015-11-22,2015,27,Lisa with an 'S'
563,434.0,11,563,2015-01-11,2015,26,Bart's New Friend
587,252.0,13,587,2016-02-14,2016,27,Love Is in the N2-O2-Ar-CO2-Ne-He-CH4
571,347.0,19,571,2015-04-26,2015,26,The Kids Are All Fight
568,377.0,16,568,2015-03-08,2015,26,Sky Police
553,652.0,1,553,2014-09-28,2014,26,Clown in the Dumps
555,457.0,3,555,2014-10-12,2014,26,Super Franchise Me
586,271.0,12,586,2016-01-17,2016,27,Much Apu About Something
561,432.0,9,561,2014-12-07,2014,26,I Won't Be Home for Christmas
556,612.0,4,556,2014-10-19,2014,26,Treehouse of Horror XXV
566,360.0,14,566,2015-02-15,2015,26,My Fare Lady
591,246.0,17,591,2016-04-03,2016,27,The Burns Cage
574,335.0,22,574,2015-05-17,2015,26,Mathlete's Feat
589,233.0,15,589,2016-03-06,2016,27,Lisa the Veterinarian
582,305.0,8,582,2015-12-06,2015,27,Paths of Glory
577,404.0,3,577,2015-10-11,2015,27,Puffless
31,1257.0,18,31,1991-04-11,1991,2,Brush with Greatness
45,1618.0,10,45,1991-11-21,1991,3,Flaming Moe's
5,1732.0,5,5,1990-02-04,1990,1,Bart the General
59,1227.0,24,59,1992-08-27,1992,3,"Brother, Can You Spare Two Dimes?"
62,1747.0,3,62,1992-10-08,1992,4,Homer the Heretic
83,2010.0,2,83,1993-10-07,1993,5,Cape Feare
88,1085.0,7,88,1993-11-11,1993,5,Bart's Inner Child
96,1505.0,15,96,1994-02-24,1994,5,Deep Space Homer
100,1118.0,19,100,1994-04-28,1994,5,Sweet Seymour Skinner's Baadasssss Song
101,1103.0,20,101,1994-05-05,1994,5,The Boy Who Knew Too Much
109,1690.0,6,109,1994-10-30,1994,6,Treehouse of Horror V
128,1619.0,25,128,1995-05-21,1995,6,Who Shot Mr. Burns? (Part One)
155,2439.0,2,155,1996-11-03,1996,8,You Only Move Twice
162,1383.0,9,162,1997-01-05,1997,8,El Viaje Misterioso de Nuestro Jomer (The Mysterious Voyage of Homer)
176,2256.0,23,176,1997-05-04,1997,8,Homer's Enemy
182,1019.0,4,182,1997-10-26,1997,9,Treehouse of Horror VIII
185,905.0,7,185,1997-11-16,1997,9,The Two Mrs. Nahasapeemapetilons
209,901.0,6,209,1998-11-15,1998,10,D'oh-in' in the Wind
256,836.0,8,256,2000-12-17,2000,12,Skinner's Sense of Snow
257,899.0,9,257,2001-01-07,2001,12,HOMR
266,1095.0,18,266,2001-04-29,2001,12,Trilogy of Error
291,701.0,22,291,2002-05-22,2002,13,Poppa's Got a Brand New Badge
292,752.0,1,292,2002-11-03,2002,14,Treehouse of Horror XIII
495,905.0,9,495,2011-12-11,2011,23,Holidays of Future Passed
558,977.0,6,558,2014-11-09,2014,26,Simpsorama
578,462.0,4,578,2015-10-18,2015,27,Halloween of Horror
594,193.0,20,594,2016-05-08,2016,27,To Courier with Love
3,1709.0,3,3,1990-01-21,1990,1,Homer's Odyssey
235,809.0,9,235,1999-12-19,1999,11,Grift of the Magi
250,803.0,2,250,2000-11-05,2000,12,A Tale of Two Springfields
253,762.0,5,253,2000-11-26,2000,12,Homer vs. Dignity
282,623.0,13,282,2002-03-10,2002,13,The Old Man and the Key
307,555.0,16,307,2003-03-30,2003,14,'Scuse Me While I Miss the Sky
324,575.0,11,324,2004-02-08,2004,15,Margical History Tour
348,530.0,13,348,2005-03-20,2005,16,Mobile Homer
351,661.0,16,351,2005-05-01,2005,16,Don't Fear the Roofer
369,642.0,13,369,2006-03-12,2006,17,The Seemingly Never-Ending Story
371,854.0,15,371,2006-03-26,2006,17,"Homer Simpson, This Is Your Wife"
374,549.0,18,374,2006-04-23,2006,17,The Wettest Stories Ever Told
403,637.0,3,403,2007-10-07,2007,19,Midnight Towboy
426,599.0,6,426,2008-11-16,2008,20,Homer and Lisa Exchange Cross Words
441,648.0,21,441,2009-05-17,2009,20,Coming to Homerica
445,671.0,4,445,2009-10-18,2009,21,Treehouse of Horror XX
458,482.0,17,458,2010-04-11,2010,21,American History X-cellent
460,511.0,19,460,2010-04-25,2010,21,The Squirt and the Whale
468,680.0,4,468,2010-11-07,2010,22,Treehouse of Horror XXI
493,493.0,7,493,2011-11-27,2011,23,The Man in the Blue Flannel Pants
524,417.0,16,524,2013-03-17,2013,24,Dark Knight Court
529,460.0,21,529,2013-05-19,2013,24,The Saga of Carl
546,430.0,16,546,2014-03-30,2014,25,You Don't Have to Live Like a Referee
567,372.0,15,567,2015-03-01,2015,26,The Princess Guide
592,228.0,18,592,2016-04-10,2016,27,How Lisa Got Her Marge Back
596,210.0,22,596,2016-05-22,2016,27,Orange Is the New Yellow
597,104.0,1,597,2016-09-25,2016,28,Monty Burns' Fleeing Circus
262,833.0,14,262,2001-02-25,2001,12,New Kids on the Blecch
277,649.0,8,277,2002-01-20,2002,13,Sweets and Sour Marge
290,642.0,21,290,2002-05-19,2002,13,The Frying Game
303,628.0,12,303,2003-02-16,2003,14,I'm Spelling As Fast As I Can
304,599.0,13,304,2003-03-02,2003,14,A Star Is Born-Again
317,705.0,4,317,2003-11-23,2003,15,The Regina Monologues
356,635.0,21,356,2005-05-15,2005,16,"The Father, the Son, and the Holy Guest Star"
361,578.0,5,361,2005-11-13,2005,17,Marge's Son Poisoning
373,677.0,17,373,2006-04-09,2006,17,"Kiss Kiss, Bang Bangalore"
380,671.0,2,380,2006-09-17,2006,18,Jazzy and the Pussycats
401,706.0,1,401,2007-09-23,2007,19,He Loves to Fly and He D'ohs
404,620.0,4,404,2007-10-14,2007,19,I Don't Wanna Know Why the Caged Bird Sings
409,949.0,9,409,2007-12-16,2007,19,Eternal Moonshine of the Simpson Mind
429,706.0,9,429,2009-01-25,2009,20,Lisa the Drama Queen
431,603.0,11,431,2009-03-01,2009,20,How the Test Was Won
434,619.0,14,434,2009-03-22,2009,20,In the Name of the Grandfather
435,571.0,15,435,2009-03-29,2009,20,Wedding for Disaster
486,492.0,22,486,2011-05-22,2011,22,The Ned-Liest Catch
500,580.0,14,500,2012-02-19,2012,23,At Long Last Leave
502,541.0,16,502,2012-03-11,2012,23,How I Wet Your Mother
511,460.0,3,511,2012-11-04,2012,24,Adventures in Baby-Getting
542,473.0,12,542,2014-03-09,2014,25,Diggs
548,504.0,18,548,2014-04-13,2014,25,Days of Future Future
